PROVINCIA;MUNICIPIO;ESTACION;MAGNITUD;PUNTO_MUESTREO;ANO;MES;D01;V01;D02;V02;D03;V03;D04;V04;D05;V05;D06;V06;D07;V07;D08;V08;D09;V09;D10;V10;D11;V11;D12;V12;D13;V13;D14;V14;D15;V15;D16;V16;D17;V17;D18;V18;D19;V19;D20;V20;D21;V21;D22;V22;D23;V23;D24;V24;D25;V25;D26;V26;D27;V27;D28;V28;D29;V29;D30;V30;D31;V31
28;079;102;81;28079102_81_98;2023;01;1.39;V;1.03;V;0.96;V;0.87;V;1.06;V;0.86;V;0.66;V;3.76;V;2.39;V;1.16;V;0.9;V;0.87;V;0.66;V;0.81;V;2.14;V;4.83;V;5.55;V;3.46;V;3.36;V;1.81;V;2.32;V;2.27;V;1.78;V;2.08;V;2.07;V;2.05;V;2.76;V;2.05;V;2.31;V;1.17;V;0.73;V
28;079;102;81;28079102_81_98;2023;02;1.69;V;1.38;V;0.93;V;0.83;V;2.2;V;3;V;2.01;V;2.24;V;1.06;V;1.83;V;2.85;V;2.46;V;2.25;V;2.47;V;1.73;V;1.55;V;2.03;V;1.86;V;1.87;V;2.2;V;1.65;V;1.25;V;2.41;V;1.16;V;1.03;V;1.53;V;3.33;V;2.06;V;0;N;0;N;0;N
28;079;102;81;28079102_81_98;2023;03;1.51;V;1.18;V;1.37;V;1.25;V;1.02;V;1.97;V;2.96;V;3.83;V;3.58;V;2.74;V;2.36;V;1.61;V;2.99;V;2.74;V;0.9;V;1.5;V;3.38;V;2.16;V;1.42;V;1.44;V;1.21;V;1.76;V;2.1;V;2.23;V;2.13;V;2.94;V;1.49;V;1.43;V;1.67;V;3.19;V;3.35;V
28;079;102;81;28079102_81_98;2023;04;3.94;V;2.17;V;1.61;V;3.89;V;2.33;V;1.76;V;1.84;V;1.21;V;1.49;V;1.59;V;2.05;V;2.87;V;2.96;V;3.68;V;2.47;V;2.53;V;2.81;V;2.53;V;2.02;V;1.83;V;2.28;V;2.37;V;1.95;V;1.79;V;1.47;V;1.76;V;1.53;V;1.68;V;1.72;V;2.41;V;0;N
28;079;102;82;28079102_82_98;2023;01;52;V;127;V;25;V;21;V;22;V;68;V;43;V;239;V;265;V;77;V;251;V;167;V;78;V;159;V;239;V;248;V;267;V;263;V;272;V;24;V;66;V;5;V;0;V;48;V;1;V;0;V;3;V;56;V;58;V;9;V;82;V
28;079;102;82;28079102_82_98;2023;02;57;V;30;V;1;V;16;V;44;V;14;V;63;V;51;V;13;V;59;V;64;V;65;V;74;V;65;V;58;V;55;V;58;V;53;V;61;V;131;V;65;V;67;V;166;V;104;V;66;V;24;V;18;V;34;V;0;N;0;N;0;N
28;079;102;82;28079102_82_98;2023;03;32;V;83;V;145;V;10;V;62;V;201;V;234;V;253;V;234;V;257;V;226;V;3;V;88;V;254;V;66;V;4;V;236;V;253;V;54;V;29;V;57;V;48;V;275;V;201;V;236;V;271;V;24;V;50;V;34;V;258;V;251;V
28;079;102;82;28079102_82_98;2023;04;251;V;0;V;68;V;65;V;4;V;43;V;34;V;21;V;274;V;272;V;88;V;267;V;266;V;260;V;1;V;18;V;60;V;73;V;182;V;71;V;251;V;228;V;265;V;220;V;18;V;61;V;69;V;23;V;256;V;38;V;0;N
28;079;102;83;28079102_83_98;2023;01;7.7;V;7.5;V;6.2;V;5.1;V;4.8;V;3.8;V;1.9;V;7.6;V;8.4;V;3.9;V;4.3;V;4;V;4.1;V;3.5;V;3.3;V;3.3;V;5.2;V;1.2;V;1.6;V;7;V;3.7;V;1.3;V;0.7;V;-0.3;V;1.2;V;2.5;V;1.4;V;1.2;V;-0.3;V;0.7;V;2.3;V
28;079;102;83;28079102_83_98;2023;02;3.6;V;4.9;V;6.3;V;7.4;V;8;V;4.6;V;1.8;V;3.1;V;4.1;V;2.5;V;2.2;V;2.9;V;3.1;V;3.5;V;5.6;V;6.4;V;6.3;V;6.6;V;9.9;V;11.1;V;9.9;V;8.8;V;3.8;V;2.1;V;1.5;V;2.6;V;-0.1;V;-0;V;0;N;0;N;0;N
28;079;102;83;28079102_83_98;2023;03;-0.6;V;1.6;V;3.6;V;3.9;V;2.9;V;5.1;V;7.6;V;9.4;V;10.5;V;10.4;V;11;V;13.1;V;12.3;V;9.2;V;10.6;V;12.9;V;10.6;V;8.4;V;9.9;V;10.9;V;11.7;V;12.8;V;12.4;V;10.3;V;11.2;V;12.2;V;10.7;V;12.8;V;15.3;V;14.1;V;12.6;V
28;079;102;83;28079102_83_98;2023;04;11.1;V;9;V;9.3;V;10.6;V;10.6;V;13;V;13.6;V;15.8;V;16.6;V;17.5;V;16.5;V;12.9;V;8.5;V;10.9;V;13.1;V;13.7;V;14.1;V;12.6;V;13.7;V;16.7;V;16.3;V;12.7;V;13.8;V;16.1;V;18.6;V;19.2;V;20.9;V;21.6;V;19.7;V;16.2;V;0;N
28;079;102;86;28079102_86_98;2023;01;50;V;75;V;73;V;65;V;61;V;70;V;94;V;96;V;67;V;77;V;94;V;80;V;82;V;85;V;81;V;79;V;71;V;58;V;64;V;66;V;60;V;39;V;52;V;59;V;56;V;52;V;52;V;54;V;57;V;58;V;54;V
28;079;102;86;28079102_86_98;2023;02;54;V;52;V;42;V;34;V;25;V;41;V;65;V;66;V;64;V;59;V;59;V;61;V;67;V;70;V;63;V;50;V;41;V;37;V;44;V;40;V;42;V;55;V;68;V;54;V;57;V;57;V;38;V;47;V;0;N;0;N;0;N
28;079;102;86;28079102_86_98;2023;03;45;V;46;V;47;V;51;V;62;V;81;V;78;V;77;V;76;V;66;V;75;V;63;V;62;V;45;V;43;V;39;V;51;V;62;V;50;V;41;V;41;V;39;V;38;V;65;V;64;V;43;V;34;V;24;V;28;V;43;V;54;V
28;079;102;86;28079102_86_98;2023;04;46;V;36;V;31;V;21;V;14;V;17;V;21;V;22;V;26;V;25;V;31;V;45;V;38;V;48;V;44;V;38;V;21;V;31;V;40;V;29;V;33;V;56;V;44;V;45;V;40;V;31;V;25;V;28;V;35;V;46;V;0;N
28;079;102;87;28079102_87_98;2023;01;944;V;944;V;948;V;950;V;948;V;945;V;944;V;939;V;943;V;948;V;947;V;948;V;947;V;946;V;943;V;938;V;929;V;934;V;940;V;940;V;942;V;944;V;943;V;944;V;945;V;941;V;939;V;941;V;943;V;947;V;947;V
28;079;102;87;28079102_87_98;2023;02;946;V;947;V;949;V;949;V;948;V;944;V;942;V;944;V;948;V;951;V;950;V;949;V;950;V;948;V;947;V;947;V;949;V;948;V;946;V;944;V;941;V;940;V;935;V;934;V;932;V;933;V;937;V;941;V;0;N;0;N;0;N
28;079;102;87;28079102_87_98;2023;03;940;V;940;V;941;V;942;V;939;V;936;V;936;V;937;V;938;V;942;V;943;V;943;V;940;V;942;V;941;V;937;V;937;V;939;V;942;V;943;V;940;V;939;V;939;V;941;V;943;V;942;V;943;V;944;V;944;V;944;V;943;V
28;079;102;87;28079102_87_98;2023;04;942;V;944;V;940;V;938;V;940;V;940;V;939;V;939;V;941;V;943;V;942;V;938;V;940;V;940;V;942;V;942;V;938;V;936;V;937;V;935;V;933;V;936;V;939;V;940;V;939;V;939;V;939;V;939;V;939;V;941;V;0;N
28;079;102;88;28079102_88_98;2023;01;84;V;52;V;93;V;107;V;109;V;109;V;25;V;25;V;108;V;105;V;28;V;110;V;106;V;110;V;80;V;33;V;65;V;100;V;99;V;122;V;129;V;134;V;130;V;88;V;135;V;124;V;127;V;132;V;143;V;142;V;141;V
28;079;102;88;28079102_88_98;2023;02;147;V;143;V;152;V;153;V;158;V;158;V;85;V;83;V;124;V;143;V;168;V;142;V;171;V;109;V;150;V;175;V;179;V;102;V;140;V;128;V;141;V;166;V;95;V;195;V;143;V;182;V;190;V;204;V;0;N;0;N;0;N
28;079;102;88;28079102_88_98;2023;03;163;V;206;V;206;V;212;V;70;V;163;V;166;V;112;V;160;V;215;V;206;V;209;V;225;V;224;V;234;V;203;V;218;V;179;V;252;V;235;V;245;V;241;V;237;V;189;V;242;V;292;V;281;V;263;V;261;V;236;V;221;V
28;079;102;88;28079102_88_98;2023;04;217;V;285;V;272;V;301;V;295;V;291;V;291;V;289;V;267;V;261;V;288;V;207;V;293;V;195;V;268;V;307;V;310;V;309;V;292;V;300;V;265;V;278;V;312;V;298;V;297;V;316;V;298;V;224;V;184;V;250;V;0;N
28;079;102;89;28079102_89_98;2023;01;0;V;0.1;V;0;V;0;V;0;V;0;V;0.6;V;7.4;V;0.1;V;0;V;0;V;0.1;V;0;V;0;V;0.1;V;0.1;V;1;V;0;V;0.3;V;0;V;0;V;0;V;0;V;0;V;0;V;0;V;0;V;0;V;0;V;0;V;0;V
28;079;102;89;28079102_89_98;2023;02;0;V;0;V;0;V;0;V;0;V;0;V;0.6;V;0;V;0;V;0;V;0;V;0;V;0;V;0;V;0;V;0;V;0;V;0;V;0;V;0;V;0.2;V;0;V;0.3;V;0;V;0.9;V;0;V;0;V;0;V;0;N;0;N;0;N
28;079;102;89;28079102_89_98;2023;03;0;V;0;V;0;V;0;V;2;V;0.1;V;0.5;V;1.4;V;11.6;V;0;V;0;V;0;V;0;V;0;V;0;V;0;V;0;V;0;V;0;V;0;V;0;V;0;V;0;V;0;V;0;V;0;V;0;V;0;V;0;V;0;V;0;V
28;079;102;89;28079102_89_98;2023;04;0;V;0;V;0;V;0;V;0;V;0;V;0;V;0;V;0;V;0;V;0;V;0;V;0;V;0;V;0;V;0;V;0;V;0;V;0;V;0;V;0;V;12.2;V;0;V;0;V;0;V;0;V;0;V;0;V;0.2;V;0;V;0;N
28;079;103;81;28079103_81_98;2023;01;0.37;V;0.61;V;0.4;V;0.17;V;0.26;V;0.38;V;0.4;V;3.91;V;1.93;V;0.75;V;0.59;V;0.46;V;0.53;V;0.43;V;1.48;V;4.49;V;5.16;V;2.53;V;3.29;V;2.1;V;1.25;V;1.52;V;1.06;V;1.18;V;1.22;V;0.87;V;2.32;V;1.3;V;1.15;V;0.6;V;0.29;V
28;079;103;81;28079103_81_98;2023;02;0.56;V;0.27;V;0.24;V;0.27;V;0.64;V;1.34;V;1.01;V;1.53;V;0.53;V;0.87;V;1.57;V;1.18;V;1.09;V;1.51;V;0.95;V;0.58;V;0.74;V;0.95;V;0.76;V;1.18;V;0.81;V;0.78;V;2.3;V;0.69;V;0.88;V;0.83;V;2.05;V;1.45;V;0;N;0;N;0;N
28;079;103;81;28079103_81_98;2023;03;0.99;V;0.85;V;0.84;V;0.76;V;0.57;V;2.1;V;3.15;V;3.18;V;3.22;V;2.9;V;1.83;V;0.94;V;2.83;V;1.67;V;0.48;V;0.78;V;3.18;V;1.91;V;0.68;V;0.83;V;0.69;V;1.2;V;1.72;V;2.06;V;2.09;V;2.43;V;0.84;V;0.62;V;1.1;V;3.14;V;3.31;V
28;079;103;81;28079103_81_98;2023;04;2.31;V;1.42;V;0.95;V;2.24;V;1.09;V;0.82;V;1.06;V;0.67;V;1.2;V;1;V;1.65;V;2.35;V;2.03;V;2.61;V;1.93;V;1.89;V;1.37;V;1.52;V;1.18;V;1.43;V;1.94;V;1.99;V;1.42;V;1.44;V;1.13;V;1.57;V;0.96;V;1.12;V;1.35;V;1.56;V;0;N
28;079;103;82;28079103_82_98;2023;01;14;V;103;V;284;V;1;V;286;V;211;V;92;V;236;V;256;V;2;V;9;V;188;V;97;V;82;V;230;V;232;V;248;V;252;V;236;V;249;V;7;V;15;V;15;V;42;V;12;V;1;V;18;V;21;V;10;V;30;V;30;V
28;079;103;82;28079103_82_98;2023;02;9;V;1;V;7;V;2;V;286;V;53;V;39;V;28;V;49;V;23;V;71;V;71;V;6;V;33;V;13;V;22;V;62;V;11;V;26;V;4;V;7;V;106;V;209;V;72;V;0;V;12;V;11;V;27;V;0;N;0;N;0;N
28;079;103;82;28079103_82_98;2023;03;34;V;46;V;26;V;317;V;35;V;235;V;234;V;239;V;207;V;253;V;253;V;108;V;4;V;264;V;3;V;319;V;223;V;245;V;3;V;0;V;198;V;227;V;241;V;225;V;245;V;268;V;1;V;3;V;10;V;239;V;250;V
28;079;103;82;28079103_82_98;2023;04;243;V;12;V;22;V;21;V;7;V;76;V;23;V;1;V;101;V;225;V;234;V;247;V;270;V;258;V;11;V;10;V;22;V;33;V;52;V;2;V;215;V;234;V;225;V;269;V;203;V;232;V;4;V;13;V;257;V;7;V;0;N
28;079;103;83;28079103_83_98;2023;01;7.1;V;8.4;V;6;V;4.2;V;3.9;V;3;V;2.6;V;8.3;V;9;V;4.3;V;5.3;V;3.9;V;4.6;V;3.2;V;4.2;V;4.2;V;6.3;V;2.4;V;2.5;V;7.9;V;5.3;V;2.2;V;1.2;V;0.8;V;2.6;V;2.8;V;1.4;V;2.3;V;0.8;V;1.5;V;1.4;V
28;079;103;83;28079103_83_98;2023;02;2.6;V;4;V;4.5;V;4.9;V;6.2;V;4.1;V;3;V;4.4;V;5.2;V;3.8;V;3.7;V;4.3;V;4.2;V;5.3;V;6.7;V;6;V;6.3;V;7.5;V;10.3;V;11.5;V;10.3;V;8.6;V;4.8;V;2.4;V;2.2;V;3.3;V;1.3;V;1;V;0;N;0;N;0;N
28;079;103;83;28079103_83_98;2023;03;0.5;V;2.3;V;3.8;V;4.6;V;2.6;V;6.2;V;8.6;V;10.6;V;11.4;V;10.8;V;11.6;V;13.5;V;11.7;V;9.7;V;10.4;V;12;V;11.4;V;8.6;V;10.1;V;10.4;V;11.4;V;12.5;V;12.5;V;11;V;11.6;V;12.7;V;11.6;V;12.2;V;14.4;V;14.4;V;13;V
28;079;103;83;28079103_83_98;2023;04;11.9;V;10.2;V;10.4;V;12;V;11.4;V;13.8;V;13.9;V;14.7;V;15.9;V;17.2;V;16.7;V;13.2;V;9.4;V;11.6;V;14.3;V;15.1;V;15.2;V;13.9;V;14.7;V;16.5;V;16.2;V;13.5;V;14.1;V;16.6;V;18.7;V;19;V;20.2;V;21.1;V;19.2;V;17.6;V;0;N
28;079;103;86;28079103_86_98;2023;01;64;V;76;V;78;V;76;V;74;V;77;V;91;V;93;V;69;V;82;V;92;V;82;V;82;V;88;V;80;V;79;V;70;V;58;V;64;V;67;V;59;V;39;V;57;V;60;V;55;V;56;V;57;V;53;V;57;V;59;V;62;V
28;079;103;86;28079103_86_98;2023;02;63;V;60;V;57;V;53;V;42;V;52;V;65;V;64;V;64;V;59;V;56;V;59;V;65;V;65;V;61;V;57;V;45;V;39;V;48;V;42;V;46;V;59;V;66;V;56;V;57;V;58;V;38;V;46;V;0;N;0;N;0;N
28;079;103;86;28079103_86_98;2023;03;45;V;48;V;50;V;52;V;67;V;77;V;75;V;74;V;74;V;67;V;74;V;64;V;67;V;47;V;49;V;48;V;52;V;66;V;53;V;48;V;48;V;44;V;41;V;65;V;64;V;45;V;36;V;33;V;37;V;46;V;58;V
28;079;103;86;28079103_86_98;2023;04;48;V;37;V;33;V;23;V;18;V;21;V;25;V;31;V;32;V;29;V;36;V;50;V;39;V;49;V;43;V;38;V;25;V;32;V;39;V;33;V;37;V;58;V;48;V;47;V;43;V;36;V;33;V;34;V;40;V;44;V;0;N
28;079;103;87;28079103_87_98;2023;01;953;V;953;V;957;V;959;V;957;V;954;V;953;V;948;V;952;V;957;V;956;V;957;V;956;V;955;V;952;V;947;V;938;V;942;V;949;V;948;V;951;V;953;V;952;V;953;V;954;V;950;V;948;V;949;V;952;V;956;V;956;V
28;079;103;87;28079103_87_98;2023;02;955;V;956;V;958;V;958;V;957;V;953;V;951;V;953;V;957;V;960;V;959;V;958;V;959;V;957;V;955;V;956;V;957;V;956;V;954;V;952;V;950;V;948;V;943;V;943;V;941;V;942;V;946;V;949;V;0;N;0;N;0;N
28;079;103;87;28079103_87_98;2023;03;949;V;949;V;950;V;950;V;948;V;945;V;944;V;946;V;946;V;951;V;952;V;951;V;948;V;950;V;949;V;945;V;945;V;947;V;951;V;951;V;949;V;947;V;947;V;950;V;951;V;951;V;952;V;953;V;952;V;952;V;952;V
28;079;103;87;28079103_87_98;2023;04;951;V;953;V;949;V;946;V;949;V;948;V;948;V;948;V;950;V;951;V;951;V;947;V;949;V;949;V;950;V;950;V;947;V;945;V;945;V;944;V;941;V;944;V;947;V;948;V;948;V;947;V;947;V;947;V;947;V;949;V;0;N
28;079;103;88;28079103_88_98;2023;01;82;V;55;V;93;V;112;V;110;V;113;V;29;V;40;V;114;V;109;V;32;V;116;V;102;V;98;V;66;V;57;V;84;V;135;V;106;V;113;V;133;V;141;V;134;V;86;V;136;V;121;V;136;V;144;V;150;V;148;V;147;V
28;079;103;88;28079103_88_98;2023;02;153;V;148;V;153;V;159;V;163;V;164;V;78;V;80;V;103;V;151;V;168;V;138;V;171;V;110;V;152;V;178;V;184;V;93;V;147;V;126;V;146;V;167;V;102;V;200;V;189;V;189;V;165;V;208;V;0;N;0;N;0;N
28;079;103;88;28079103_88_98;2023;03;183;V;212;V;213;V;217;V;77;V;190;V;189;V;161;V;196;V;222;V;196;V;217;V;231;V;232;V;237;V;211;V;208;V;174;V;253;V;242;V;242;V;241;V;257;V;180;V;241;V;298;V;282;V;263;V;262;V;244;V;216;V
28;079;103;88;28079103_88_98;2023;04;236;V;288;V;275;V;301;V;299;V;289;V;292;V;289;V;270;V;258;V;293;V;231;V;301;V;206;V;285;V;308;V;313;V;312;V;289;V;306;V;261;V;267;V;316;V;305;V;309;V;322;V;289;V;241;V;174;V;257;V;0;N
28;079;103;89;28079103_89_98;2023;01;0;V;0;V;0;V;0;V;0;V;0;V;0.4;V;7;V;0;V;0;V;0;V;0;V;0;V;0;V;0;V;0.4;V;1.1;V;0.1;V;0.2;V;0;V;0;V;0;V;0;V;0;V;0;V;0;V;0;V;0;V;0;V;0;V;0;V
28;079;103;89;28079103_89_98;2023;02;0;V;0;V;0;V;0;V;0;V;0;V;1.8;V;0;V;0;V;0;V;0;V;0;V;0;V;0;V;0;V;0;V;0;V;0;V;0;V;0;V;0.2;V;0;V;0;V;0;V;0;V;0;V;0;V;0;V;0;N;0;N;0;N
28;079;103;89;28079103_89_98;2023;03;0;V;0;V;0;V;0;V;2;V;0;V;0.3;V;1.1;V;12;V;0;V;0;V;0;V;0;V;0;V;0;V;0;V;0;V;0;V;0;V;0;V;0;V;0;V;0;V;0;V;0;V;0;V;0;V;0;V;0;V;0;V;0;V
28;079;103;89;28079103_89_98;2023;04;0;V;0;V;0;V;0;V;0;V;0;V;0;V;0;V;0;V;0;V;0;V;0;V;0;V;0;V;0;V;0;V;0;V;0;V;0;V;0;V;0;V;10;V;0;V;0;V;0;V;0;V;0;V;0;V;0.2;V;0;V;0;N
28;079;104;81;28079104_81_98;2023;01;0.26;V;0.54;V;0.29;V;0.17;V;0.27;V;0.29;V;0.33;V;1.66;V;0.96;V;0.58;V;0.34;V;0.42;V;0.43;V;0.58;V;0.9;V;2.25;V;2.5;V;1.86;V;1.76;V;1.15;V;0.88;V;1.07;V;1;V;0.61;V;0.75;V;0.88;V;1.62;V;0.92;V;0.6;V;0.35;V;0.31;V
28;079;104;81;28079104_81_98;2023;02;0.47;V;0.25;V;0.26;V;0.25;V;0.42;V;0.97;V;0.69;V;0.88;V;0.37;V;0.47;V;1.06;V;0.7;V;0.68;V;0.85;V;0.44;V;0.44;V;0.54;V;0.44;V;0.47;V;0.86;V;0.49;V;0.49;V;1.14;V;0.5;V;0.71;V;0.78;V;1.96;V;1.15;V;0;N;0;N;0;N
28;079;104;81;28079104_81_98;2023;03;0.89;V;0.53;V;0.6;V;0.48;V;0.5;V;1.13;V;1.75;V;1.89;V;1.71;V;1.55;V;1.04;V;0.81;V;1.57;V;1.32;V;0.41;V;0.5;V;1.65;V;1.03;V;0.51;V;0.53;V;0.5;V;0.77;V;0.91;V;1.12;V;1.08;V;1.72;V;0.65;V;0.46;V;0.56;V;1.63;V;1.8;V
28;079;104;81;28079104_81_98;2023;04;2.07;V;1.08;V;0.64;V;1.3;V;0.76;V;0.42;V;0.53;V;0.49;V;0.69;V;0.8;V;1.05;V;1.41;V;2.09;V;1.72;V;1.49;V;1.3;V;0.8;V;1.06;V;0.87;V;0.7;V;1.07;V;1.07;V;1.1;V;1.2;V;0.78;V;0.74;V;0.52;V;0.49;V;0.86;V;0.91;V;0;N
28;079;104;82;28079104_82_98;2023;01;34;V;149;V;2;V;39;V;4;V;93;V;153;V;217;V;181;V;153;V;17;V;3;V;158;V;146;V;162;V;236;V;237;V;259;V;233;V;139;V;3;V;2;V;1;V;46;V;0;V;18;V;1;V;7;V;45;V;0;V;32;V
28;079;104;82;28079104_82_98;2023;02;39;V;56;V;9;V;11;V;0;V;39;V;21;V;17;V;21;V;13;V;7;V;1;V;70;V;41;V;44;V;9;V;24;V;5;V;3;V;4;V;6;V;17;V;170;V;0;V;1;V;153;V;1;V;39;V;0;N;0;N;0;N
28;079;104;82;28079104_82_98;2023;03;1;V;163;V;131;V;0;V;165;V;153;V;244;V;187;V;229;V;245;V;196;V;170;V;237;V;271;V;0;V;4;V;152;V;243;V;9;V;52;V;1;V;206;V;245;V;157;V;2;V;273;V;163;V;9;V;12;V;203;V;241;V
28;079;104;82;28079104_82_98;2023;04;249;V;3;V;169;V;3;V;15;V;12;V;28;V;26;V;39;V;46;V;30;V;244;V;238;V;270;V;21;V;12;V;3;V;20;V;14;V;26;V;3;V;221;V;320;V;10;V;158;V;229;V;2;V;7;V;8;V;2;V;0;N
28;079;106;81;28079106_81_98;2023;01;0.34;V;0.55;V;0.3;V;0.46;N;0.34;V;0.3;V;0.27;V;2.19;V;1.41;V;0.53;V;0.31;V;0.47;V;0.43;V;0.54;N;1.28;N;1.64;N;4.29;N;1.63;N;2.02;V;1.5;V;0.74;V;1.2;V;1.08;N;1.85;N;0.68;N;0.67;V;2.05;N;0.68;N;0.73;V;0.41;N;0.21;V
28;079;106;81;28079106_81_98;2023;02;0.49;V;0.73;N;0.29;V;0.28;V;5.06;N;1.76;N;0.78;V;1.44;V;0.43;V;0.54;V;1.09;V;0.8;V;0.75;V;0.92;N;0.63;V;0.47;V;0.53;V;0.46;V;0.5;V;0.85;V;0.55;V;0.48;V;1.27;V;0.6;V;1.16;N;0.71;V;1.46;N;1.06;V;0;N;0;N;0;N
28;079;106;81;28079106_81_98;2023;03;0.68;V;0.5;N;0.8;V;0.8;N;0.14;N;0.11;N;0;N;2.43;V;2.09;V;1.75;V;1.68;V;0.9;V;1.25;N;1.65;N;0.47;V;0.56;V;2.1;V;1.34;V;0.6;V;1.2;N;0.63;V;0.87;V;1.26;V;1.19;V;1.03;V;1.42;V;0.6;V;0.5;V;0.75;V;1.54;V;1.74;V
28;079;106;81;28079106_81_98;2023;04;2.64;V;1.16;V;0.65;V;1.36;V;0.87;V;0.57;V;0.78;V;0.41;V;0.83;V;0.77;V;1.06;V;1.44;V;2.01;V;2.21;V;1.71;V;1.6;V;1.06;V;1.26;V;0.89;V;0.82;V;1.33;V;1.32;V;1.19;V;1.1;V;0.31;N;0.38;N;0.13;N;0.26;N;0.66;V;0.9;V;0;N
28;079;106;82;28079106_82_98;2023;01;0;V;1;V;0;V;296;N;175;V;2;V;5;V;224;V;10;V;2;V;14;V;0;V;3;V;212;N;291;N;112;N;240;N;0;N;219;V;0;V;0;V;30;V;11;N;2;N;11;N;0;V;22;N;22;N;2;V;0;V;0;V
28;079;106;82;28079106_82_98;2023;02;290;V;10;N;1;V;222;V;0;N;1;N;2;V;43;V;7;V;317;V;318;V;8;V;0;V;30;N;1;V;44;V;0;V;0;V;0;V;3;V;0;V;11;V;0;V;5;V;16;N;6;V;2;N;0;V;0;N;0;N;0;N
28;079;106;82;28079106_82_98;2023;03;3;V;281;N;1;V;11;N;200;N;22;N;0;N;218;V;186;V;196;V;186;V;0;V;1;N;2;N;0;V;275;V;213;V;242;V;0;V;0;N;3;V;212;V;13;V;1;V;192;V;2;V;1;V;2;V;77;V;240;V;212;V
28;079;106;82;28079106_82_98;2023;04;320;V;3;V;4;V;65;V;1;V;1;V;339;V;158;V;2;V;0;V;320;V;4;V;5;V;1;V;0;V;39;V;21;V;3;V;8;V;329;V;1;V;278;V;3;V;1;V;0;N;0;N;2;N;0;N;1;V;18;V;0;N
28;079;106;83;28079106_83_98;2023;01;5.8;V;8.5;V;4.6;V;1.2;N;2.3;V;1.3;V;1.1;V;8.7;V;9.2;V;3.7;V;5.3;V;2.9;V;4.8;V;2.5;N;5.1;N;2.6;N;4.6;N;1.9;N;3.5;V;8.5;V;4;V;1.8;V;-0.8;N;0.9;N;-1.2;N;0.6;V;1;N;0.2;N;-0.9;V;1.1;V;-0.8;V
28;079;106;83;28079106_83_98;2023;02;0.8;V;1.9;N;2.4;V;3;V;1.2;N;2.7;N;2.5;V;4.5;V;4.4;V;1.3;V;1;V;2.6;V;2.3;V;6.2;N;7.3;V;4.1;V;3.8;V;4.8;V;8.2;V;8.7;V;8.3;V;6.5;V;4;V;0.8;V;0.2;N;1.9;V;0.5;N;0.1;V;0;N;0;N;0;N
28;079;106;83;28079106_83_98;2023;03;-1.7;V;1.5;N;1.8;V;4.6;N;-0.7;N;2.7;N;0;N;11.2;V;12.1;V;12.2;V;12;V;13.1;V;9.9;N;8.2;N;8.3;V;9.8;V;11.1;V;9;V;9;V;9.8;N;10.1;V;10.1;V;10.7;V;10.6;V;10;V;11.1;V;9.6;V;9.4;V;11.6;V;12.3;V;14;V
28;079;106;83;28079106_83_98;2023;04;12.5;V;9.2;V;7.8;V;10;V;9.4;V;10.4;V;10.8;V;10.9;V;13.3;V;13.6;V;15.5;V;12.1;V;9.5;V;12.6;V;14.6;V;15.4;V;13;V;13.8;V;13;V;13.9;V;14.5;V;13.7;V;13.1;V;15.9;V;13.4;N;13.9;N;13.1;N;14.8;N;17.6;V;15.1;V;0;N
28;079;106;86;28079106_86_98;2023;01;77;V;82;V;84;V;91;N;80;V;83;V;97;V;94;V;70;V;85;V;93;V;87;V;84;V;86;N;61;N;67;N;64;N;67;N;64;V;66;V;70;V;46;V;69;N;64;N;74;N;69;V;57;N;63;N;68;V;66;V;72;V
28;079;106;86;28079106_86_98;2023;02;72;V;73;N;65;V;65;V;68;N;60;N;69;V;66;V;70;V;72;V;70;V;70;V;74;V;67;N;64;V;68;V;62;V;58;V;64;V;62;V;61;V;72;V;73;V;67;V;76;N;67;V;44;N;53;V;0;N;0;N;0;N
28;079;106;86;28079106_86_98;2023;03;59;V;59;N;60;V;56;N;88;N;96;N;0;N;77;V;75;V;62;V;75;V;69;V;70;N;57;N;63;V;62;V;60;V;68;V;62;V;57;N;59;V;58;V;54;V;67;V;74;V;55;V;48;V;49;V;53;V;59;V;57;V
28;079;106;86;28079106_86_98;2023;04;49;V;46;V;49;V;38;V;30;V;41;V;42;V;49;V;47;V;47;V;45;V;57;V;42;V;50;V;46;V;40;V;38;V;35;V;52;V;49;V;49;V;61;V;58;V;55;V;68;N;61;N;60;N;61;N;53;V;58;V;0;N
28;079;106;87;28079106_87_98;2023;01;955;V;955;V;959;V;961;N;958;V;956;V;954;V;949;V;953;V;958;V;958;V;958;V;958;V;957;N;953;N;951;N;938;N;945;N;950;V;950;V;952;V;955;V;953;N;954;N;956;N;951;V;950;N;951;N;954;V;957;V;957;V
28;079;106;87;28079106_87_98;2023;02;957;V;958;N;959;V;959;V;958;N;955;N;953;V;954;V;958;V;962;V;960;V;959;V;960;V;957;N;957;V;958;V;959;V;958;V;956;V;954;V;951;V;950;V;945;V;945;V;942;N;943;V;947;N;951;V;0;N;0;N;0;N
28;079;106;87;28079106_87_98;2023;03;950;V;950;N;951;V;952;N;949;N;947;N;0;N;947;V;948;V;952;V;953;V;953;V;950;N;952;N;951;V;947;V;947;V;949;V;953;V;953;N;950;V;949;V;949;V;951;V;953;V;952;V;953;V;954;V;954;V;953;V;953;V
28;079;106;87;28079106_87_98;2023;04;952;V;954;V;950;V;948;V;950;V;950;V;949;V;949;V;951;V;953;V;952;V;948;V;950;V;950;V;952;V;952;V;948;V;946;V;947;V;945;V;942;V;945;V;949;V;950;V;949;N;949;N;949;N;948;N;949;V;950;V;0;N
28;079;106;88;28079106_88_98;2023;01;84;V;79;V;101;V;2;N;113;V;115;V;28;V;56;V;113;V;113;V;47;V;115;V;114;V;139;N;2;N;3;N;7;N;2;N;99;V;114;V;103;V;136;V;190;N;22;N;6;N;114;V;17;N;1;N;135;V;159;V;133;V
28;079;106;88;28079106_88_98;2023;02;145;V;1;N;155;V;142;V;2;N;199;N;48;V;77;V;108;V;116;V;139;V;147;V;169;V;2;N;158;V;158;V;169;V;89;V;135;V;116;V;137;V;142;V;100;V;193;V;1;N;200;V;150;N;185;V;0;N;0;N;0;N
28;079;106;88;28079106_88_98;2023;03;164;V;113;N;189;V;290;N;9;N;5;N;0;N;129;V;171;V;185;V;191;V;195;V;2;N;1;N;225;V;191;V;222;V;190;V;275;V;262;N;238;V;209;V;193;V;156;V;165;V;246;V;271;V;219;V;219;V;192;V;182;V
28;079;106;88;28079106_88_98;2023;04;211;V;240;V;225;V;254;V;253;V;250;V;249;V;218;V;231;V;209;V;225;V;180;V;263;V;200;V;258;V;276;V;273;V;306;V;239;V;257;V;253;V;251;V;295;V;284;V;111;N;119;N;100;N;113;N;150;V;118;V;0;N
28;079;106;89;28079106_89_98;2023;01;0.1;V;0;V;0;V;0;N;0;V;0;V;1;V;8.9;V;0.1;V;0;V;0.2;V;0;V;0;V;0;N;0;N;0;N;0.2;N;0;N;0.4;V;0;V;0.1;V;0;V;0;N;0;N;0;N;0;V;0;N;0;N;0;V;0;V;0;V
28;079;106;89;28079106_89_98;2023;02;0;V;0;N;0;V;0;V;0;N;0;N;0.7;V;0;V;0;V;0;V;0;V;0;V;0;V;0;N;0;V;0;V;0;V;0;V;0;V;0;V;0;V;0;V;0;V;0;V;0;N;0;V;0;N;0;V;0;N;0;N;0;N
28;079;106;89;28079106_89_98;2023;03;0;V;0;N;0;V;0;N;1.9;N;0;N;0;N;1.5;V;9.6;V;0;V;0;V;0;V;0;N;0.1;N;0;V;0;V;0;V;0;V;0;V;0;N;0;V;0;V;0;V;0;V;0;V;0;V;0;V;0;V;0;V;0;V;0;V
28;079;106;89;28079106_89_98;2023;04;0;V;0;V;0;V;0;V;0;V;0;V;0;V;0;V;0;V;0;V;0;V;0;V;0;V;0;V;0;V;0;V;0;V;0;V;0;V;0;V;0;V;3.1;V;0.3;V;0.1;V;0;N;0;N;0;N;0;N;0.2;V;0;V;0;N
28;079;107;81;28079107_81_98;2023;01;0.69;V;0.72;V;0.49;V;0.53;V;0.51;V;0.45;V;0.42;V;2.6;V;1.5;V;0.59;V;0.5;V;0.46;V;0.32;V;0.49;V;1.23;V;3.56;V;3.76;V;1.87;V;2.23;V;1.01;V;1;V;1.01;V;0.95;V;0.77;V;0.76;V;1.05;V;1.63;V;1.14;V;0.82;V;0.57;V;0.27;V
28;079;107;81;28079107_81_98;2023;02;0.68;V;0.58;V;0.46;V;0.48;V;0.71;V;1.18;V;0.75;V;1.14;V;0.48;V;0.56;V;0.99;V;0.79;V;0.74;V;0.7;V;0.55;V;0.66;V;0.73;V;0.65;V;0.74;V;1.03;V;0.77;V;0.68;V;2.01;V;0.76;V;0.64;V;0.83;V;1.76;V;1.19;V;0;N;0;N;0;N
28;079;107;81;28079107_81_98;2023;03;0.7;V;0.59;V;0.73;V;0.63;V;0.72;V;1.74;V;2.38;V;2.97;V;2.86;V;2.63;V;1.84;V;0.81;V;2.35;V;1.63;V;0.49;V;1;V;2.62;V;1.51;V;0.58;V;0.93;V;0.73;V;1.31;V;1.82;V;2;V;1.52;V;1.76;V;0.67;V;0.79;V;1.2;V;2.43;V;2.57;V
28;079;107;81;28079107_81_98;2023;04;2.35;V;1.22;V;0.98;V;1.68;V;0.86;V;0.81;V;1.13;V;0.9;V;1.01;V;0.91;V;1.32;V;2.06;V;1.44;V;2.15;V;1.25;V;1.49;V;1.2;V;1.28;V;1;V;1.29;V;1.68;V;1.92;V;1.33;V;1.12;V;0.91;V;1.04;V;0.99;V;1.2;V;0.9;V;1.22;V;0;N
28;079;107;82;28079107_82_98;2023;01;14;V;205;V;6;V;26;V;19;V;13;V;2;V;215;V;240;V;21;V;1;V;4;V;7;V;0;V;197;V;209;V;262;V;294;V;234;V;3;V;0;V;2;V;2;V;5;V;8;V;2;V;2;V;1;V;11;V;5;V;6;V
28;079;107;82;28079107_82_98;2023;02;21;V;18;V;17;V;16;V;3;V;2;V;11;V;0;V;11;V;40;V;14;V;11;V;28;V;7;V;26;V;7;V;12;V;3;V;24;V;16;V;31;V;19;V;220;V;3;V;11;V;0;V;0;V;2;V;0;N;0;N;0;N
28;079;107;82;28079107_82_98;2023;03;1;V;29;V;12;V;21;V;15;V;214;V;216;V;222;V;223;V;245;V;208;V;1;V;239;V;3;V;44;V;21;V;222;V;269;V;1;V;21;V;2;V;21;V;199;V;214;V;2;V;209;V;13;V;13;V;18;V;212;V;209;V
28;079;107;82;28079107_82_98;2023;04;257;V;3;V;23;V;11;V;30;V;21;V;16;V;8;V;32;V;2;V;29;V;236;V;298;V;268;V;11;V;0;V;3;V;11;V;33;V;211;V;201;V;214;V;238;V;182;V;9;V;23;V;3;V;10;V;38;V;1;V;0;N
28;079;107;83;28079107_83_98;2023;01;9.4;V;10.2;V;8.3;V;4.7;V;6.1;V;4.7;V;2.8;V;8.5;V;9;V;5.4;V;5.3;V;5.1;V;5.6;V;5.2;V;4.7;V;4.2;V;5.9;V;2;V;2.3;V;8.3;V;4.9;V;1.9;V;1.9;V;0.9;V;2.5;V;3.3;V;2.3;V;2.5;V;0.8;V;1.3;V;2.4;V
28;079;107;83;28079107_83_98;2023;02;4.7;V;5.6;V;6.7;V;7.9;V;8.6;V;5.4;V;2.9;V;3.8;V;5;V;3.8;V;2.9;V;3.8;V;4;V;4.6;V;6.8;V;7.1;V;7.3;V;7;V;10.3;V;11.4;V;10.4;V;9.3;V;5.1;V;2.8;V;2;V;3.3;V;1;V;0.7;V;0;N;0;N;0;N
28;079;107;83;28079107_83_98;2023;03;0.5;V;2.4;V;4.1;V;4.6;V;3.1;V;6.1;V;8.6;V;10.4;V;11.2;V;11.8;V;12.1;V;13.8;V;12.8;V;9.8;V;11.4;V;13.3;V;11.6;V;9.3;V;11.4;V;11.2;V;12.9;V;13.4;V;13.4;V;11.5;V;11.7;V;12.8;V;11.6;V;13.1;V;15.6;V;14.9;V;13.4;V
28;079;107;83;28079107_83_98;2023;04;11.7;V;10.2;V;10.2;V;11.7;V;11.7;V;14.2;V;14.3;V;16.3;V;17.3;V;18.6;V;17;V;13.8;V;9.3;V;11.7;V;13.8;V;15.4;V;15.6;V;13.4;V;14.6;V;17.1;V;16.6;V;13.4;V;14.5;V;16.4;V;18.9;V;19.5;V;21.3;V;22.2;V;20.5;V;17.2;V;0;N
28;079;107;86;28079107_86_98;2023;01;57;V;77;V;72;V;74;V;63;V;72;V;94;V;97;V;68;V;77;V;95;V;81;V;81;V;82;V;81;V;77;V;73;V;60;V;65;V;65;V;61;V;42;V;54;V;61;V;58;V;55;V;54;V;55;V;58;V;60;V;59;V
28;079;107;86;28079107_86_98;2023;02;56;V;55;V;46;V;36;V;29;V;45;V;66;V;70;V;66;V;59;V;61;V;62;V;67;V;70;V;63;V;53;V;44;V;40;V;48;V;45;V;45;V;58;V;68;V;57;V;61;V;60;V;40;V;49;V;0;N;0;N;0;N
28;079;107;86;28079107_86_98;2023;03;47;V;49;V;51;V;54;V;68;V;80;V;78;V;79;V;76;V;60;V;73;V;65;V;64;V;48;V;47;V;44;V;55;V;63;V;52;V;45;V;43;V;42;V;39;V;64;V;64;V;44;V;36;V;27;V;32;V;46;V;57;V
28;079;107;86;28079107_86_98;2023;04;50;V;38;V;34;V;24;V;18;V;20;V;24;V;25;V;29;V;28;V;35;V;45;V;40;V;50;V;47;V;39;V;24;V;34;V;42;V;32;V;37;V;57;V;46;V;48;V;42;V;35;V;29;V;31;V;39;V;47;V;0;N
28;079;107;87;28079107_87_98;2023;01;944;V;944;V;948;V;950;V;948;V;945;V;944;V;939;V;943;V;947;V;947;V;948;V;947;V;946;V;943;V;938;V;929;V;933;V;940;V;940;V;942;V;944;V;942;V;943;V;945;V;941;V;939;V;940;V;943;V;946;V;946;V
28;079;107;87;28079107_87_98;2023;02;946;V;947;V;949;V;948;V;948;V;944;V;942;V;944;V;948;V;951;V;949;V;948;V;950;V;948;V;946;V;947;V;948;V;947;V;945;V;944;V;941;V;939;V;934;V;934;V;932;V;933;V;936;V;940;V;0;N;0;N;0;N
28;079;107;87;28079107_87_98;2023;03;939;V;939;V;940;V;941;V;939;V;936;V;935;V;937;V;937;V;942;V;943;V;943;V;939;V;942;V;941;V;936;V;936;V;939;V;942;V;942;V;940;V;939;V;938;V;941;V;943;V;942;V;943;V;944;V;943;V;943;V;943;V
28;079;107;87;28079107_87_98;2023;04;942;V;944;V;940;V;937;V;940;V;939;V;939;V;939;V;941;V;943;V;942;V;938;V;940;V;940;V;941;V;941;V;938;V;936;V;936;V;935;V;932;V;935;V;938;V;940;V;939;V;939;V;939;V;938;V;939;V;940;V;0;N
28;079;107;88;28079107_88_98;2023;01;87;V;52;V;111;V;67;V;110;V;117;V;22;V;26;V;114;V;99;V;29;V;114;V;106;V;122;V;85;V;44;V;106;V;99;V;103;V;124;V;126;V;121;V;134;V;95;V;137;V;122;V;127;V;140;V;145;V;127;V;112;V
28;079;107;88;28079107_88_98;2023;02;149;V;145;V;154;V;153;V;159;V;161;V;86;V;95;V;101;V;133;V;156;V;139;V;163;V;112;V;143;V;176;V;180;V;96;V;142;V;132;V;138;V;159;V;95;V;197;V;143;V;185;V;181;V;172;V;0;N;0;N;0;N
28;079;107;88;28079107_88_98;2023;03;171;V;210;V;208;V;216;V;68;V;145;V;168;V;117;V;160;V;220;V;203;V;216;V;234;V;226;V;236;V;208;V;172;V;170;V;254;V;236;V;243;V;252;V;241;V;185;V;240;V;296;V;284;V;263;V;265;V;247;V;221;V
28;079;107;88;28079107_88_98;2023;04;208;V;287;V;277;V;301;V;298;V;293;V;293;V;265;V;269;V;264;V;295;V;209;V;302;V;200;V;292;V;311;V;315;V;317;V;301;V;304;V;263;V;288;V;315;V;306;V;305;V;327;V;288;V;233;V;173;V;254;V;0;N
28;079;107;89;28079107_89_98;2023;01;0;V;0.1;V;0;V;0;V;0;V;0;V;1;V;9.8;V;0;V;0;V;0;V;0.1;V;0;V;0;V;0;V;0;V;1;V;0;V;0.1;V;0;V;0;V;0;V;0;V;0;V;0;V;0;V;0;V;0;V;0;V;0;V;0;V
28;079;107;89;28079107_89_98;2023;02;0;V;0;V;0;V;0;V;0;V;0;V;2.3;V;0;V;0;V;0;V;0;V;0;V;0;V;0;V;0;V;0;V;0;V;0;V;0;V;0;V;0;V;0;V;0;V;0;V;0.9;V;0;V;0;V;0;V;0;N;0;N;0;N
28;079;107;89;28079107_89_98;2023;03;0;V;0;V;0;V;0;V;2.1;V;0.2;V;0.3;V;1.7;V;11.6;V;0;V;0;V;0;V;0;V;0;V;0;V;0;V;0;V;0;V;0;V;0;V;0;V;0;V;0;V;0;V;0;V;0;V;0;V;0;V;0;V;0;V;0;V
28;079;107;89;28079107_89_98;2023;04;0;V;0;V;0;V;0;V;0;V;0;V;0;V;0;V;0;V;0;V;0;V;0;V;0;V;0;V;0;V;0;V;0;V;0;V;0;V;0;V;0;V;6.9;V;0;V;0;V;0;V;0;V;0;V;0;V;1.2;V;0;V;0;N
28;079;108;81;28079108_81_98;2023;01;0.7;V;0.5;V;0.44;V;0.34;V;0.42;V;0.42;V;0.41;V;1.74;V;1.58;V;0.54;V;0.51;V;0.46;V;0.55;V;0.44;V;1.31;V;2.35;V;3.83;V;2.15;V;1.85;V;1.09;V;1.05;V;1.02;V;0.94;V;0.94;V;0.93;V;0.78;V;1.47;V;1;V;0.97;V;0.67;V;0.39;V
28;079;108;81;28079108_81_98;2023;02;0.61;V;0.57;V;0.45;V;0.4;V;0.69;V;1.3;V;0.91;V;1.15;V;0.64;V;0.78;V;1.03;V;0.87;V;0.82;V;0.92;V;0.67;V;0.71;V;0.86;V;0.79;V;0.76;V;0.73;V;0.69;V;0.52;V;1.34;V;0.61;V;0.65;V;0.72;V;1.44;V;0.94;V;0;N;0;N;0;N
28;079;108;81;28079108_81_98;2023;03;0.77;V;0.65;V;0.81;V;0.57;V;0.57;V;1.08;V;1.68;V;1.58;V;2.1;V;1.78;V;1.61;V;0.75;V;1.64;V;1.67;V;0.48;V;0.73;V;1.66;V;1.29;V;0.8;V;0.76;V;0.66;V;0.87;V;1.25;V;1.14;V;1.05;V;1.55;V;0.75;V;0.63;V;0.8;V;1.27;V;1.6;V
28;079;108;81;28079108_81_98;2023;04;2.57;V;1.18;V;0.92;V;1.59;V;1;V;0.85;V;0.93;V;0.65;V;0.74;V;0.91;V;1.13;V;1.7;V;1.7;V;2.48;V;1.26;V;1.45;V;1.26;V;1.27;V;0.93;V;0.88;V;1.32;V;1.42;V;1.13;V;0.99;V;0.85;V;0.86;V;0.82;V;0.95;V;0.9;V;1.13;V;0;N
28;079;108;82;28079108_82_98;2023;01;77;V;152;V;30;V;85;V;92;V;246;V;41;V;199;V;206;V;9;V;21;V;232;V;29;V;207;V;219;V;204;V;197;V;239;V;218;V;3;V;49;V;5;V;49;V;52;V;64;V;27;V;43;V;76;V;59;V;63;V;238;V
28;079;108;82;28079108_82_98;2023;02;51;V;37;V;43;V;21;V;50;V;72;V;5;V;56;V;59;V;92;V;69;V;62;V;77;V;80;V;10;V;66;V;75;V;85;V;90;V;89;V;3;V;222;V;212;V;194;V;240;V;246;V;21;V;58;V;0;N;0;N;0;N
28;079;108;82;28079108_82_98;2023;03;10;V;103;V;64;V;67;V;240;V;207;V;211;V;207;V;212;V;223;V;201;V;28;V;201;V;208;V;251;V;4;V;196;V;235;V;3;V;55;V;9;V;195;V;211;V;176;V;196;V;256;V;118;V;71;V;2;V;173;V;211;V
28;079;108;82;28079108_82_98;2023;04;252;V;8;V;71;V;56;V;72;V;75;V;73;V;45;V;224;V;219;V;71;V;228;V;251;V;201;V;13;V;34;V;49;V;61;V;63;V;204;V;243;V;237;V;202;V;207;V;298;V;118;V;102;V;62;V;2;V;3;V;0;N
28;079;108;83;28079108_83_98;2023;01;9.7;V;8.8;V;6.3;V;5.7;V;5.2;V;3.6;V;2.2;V;7.8;V;8.6;V;5.7;V;5.3;V;4.3;V;5.8;V;4.4;V;4;V;4.3;V;5.5;V;1.8;V;2.7;V;8.8;V;5.3;V;3.1;V;1.5;V;1.6;V;3.1;V;3.4;V;2;V;2.4;V;1.5;V;2.5;V;2.5;V
28;079;108;83;28079108_83_98;2023;02;4.6;V;6.5;V;6.2;V;6.3;V;6.7;V;4.4;V;3.5;V;4.5;V;6.2;V;5.4;V;4.6;V;5.2;V;5.1;V;5.2;V;7.2;V;7.3;V;7.9;V;8;V;11.3;V;12.1;V;10.7;V;8.7;V;4.1;V;2.4;V;2.1;V;3.4;V;1.1;V;0.8;V;0;N;0;N;0;N
28;079;108;83;28079108_83_98;2023;03;0.3;V;2.7;V;3.9;V;5.2;V;3.5;V;6.3;V;8.8;V;10.2;V;11.1;V;11.5;V;12.1;V;14.5;V;12;V;9.6;V;10.8;V;13.6;V;11.5;V;8.9;V;12.2;V;12.1;V;12.6;V;12.8;V;12.7;V;11.3;V;11.6;V;12.4;V;12;V;13.4;V;16;V;14.3;V;13.2;V
28;079;108;83;28079108_83_98;2023;04;11.3;V;10.5;V;10.9;V;12.4;V;12.1;V;14.7;V;15.5;V;15.5;V;16.8;V;17.5;V;17;V;13;V;9.1;V;11.6;V;14.1;V;15.4;V;15.6;V;14;V;15.6;V;17.6;V;16.6;V;13.4;V;14.5;V;16.6;V;19;V;19.5;V;21.2;V;22.3;V;19.7;V;17.9;V;0;N
28;079;108;86;28079108_86_98;2023;01;46;V;72;V;69;V;64;V;62;V;68;V;94;V;97;V;63;V;73;V;92;V;77;V;76;V;77;V;76;V;73;V;64;V;52;V;58;V;54;V;53;V;29;V;48;V;54;V;48;V;46;V;47;V;44;V;51;V;50;V;50;V
28;079;108;86;28079108_86_98;2023;02;49;V;45;V;43;V;36;V;27;V;41;V;55;V;57;V;54;V;47;V;47;V;50;V;53;V;56;V;49;V;38;V;28;V;25;V;35;V;30;V;32;V;49;V;59;V;46;V;50;V;49;V;28;V;37;V;0;N;0;N;0;N
28;079;108;86;28079108_86_98;2023;03;37;V;41;V;42;V;43;V;60;V;72;V;70;V;71;V;67;V;48;V;63;V;50;V;52;V;34;V;37;V;31;V;40;V;50;V;35;V;31;V;32;V;30;V;26;V;49;V;52;V;30;V;23;V;17;V;18;V;32;V;42;V
28;079;108;86;28079108_86_98;2023;04;34;V;22;V;20;V;11;V;6;V;6;V;9;V;15;V;16;V;15;V;20;V;30;V;24;V;33;V;29;V;22;V;10;V;17;V;25;V;17;V;21;V;42;V;29;V;32;V;26;V;21;V;15;V;14;V;21;V;27;V;0;N
28;079;108;87;28079108_87_98;2023;01;1028;N;1028;N;1033;N;1035;N;1032;N;1030;N;1028;N;1022;N;1028;N;1032;N;1032;N;1032;N;1031;N;1030;N;1027;N;1021;N;1012;N;1017;N;1024;N;1024;N;1026;N;1029;N;1026;N;1028;N;1029;N;1024;N;1023;N;1024;N;1028;N;1031;N;1031;N
28;079;108;87;28079108_87_98;2023;02;1030;N;1032;N;1033;N;1033;N;1033;N;1028;N;1026;N;1028;N;1032;N;1036;N;1034;N;1033;N;1034;N;1033;N;1031;N;1032;N;1033;N;1032;N;1030;N;1028;N;1025;N;1023;N;1016;N;1017;N;1015;N;1016;N;1020;N;1024;N;0;N;0;N;0;N
28;079;108;87;28079108_87_98;2023;03;1023;N;1023;N;1024;N;1025;N;1023;N;1019;N;938;V;940;V;940;V;945;V;946;V;945;V;942;V;945;V;943;V;939;V;939;V;941;V;945;V;945;V;942;V;941;V;941;V;943;V;945;V;945;V;946;V;946;V;945;V;946;V;945;V
28;079;108;87;28079108_87_98;2023;04;945;V;946;V;943;V;940;V;943;V;942;V;942;V;941;V;944;V;945;V;944;V;941;V;942;V;942;V;944;V;944;V;940;V;939;V;939;V;937;V;935;V;938;V;941;V;942;V;941;V;941;V;941;V;940;V;941;V;943;V;0;N
28;079;108;88;28079108_88_98;2023;01;81;V;67;V;99;V;105;V;106;V;108;V;21;V;37;V;109;V;108;V;36;V;110;V;105;V;109;V;87;V;24;V;107;V;112;V;105;V;113;V;122;V;133;V;129;V;90;V;133;V;120;V;127;V;137;V;140;V;140;V;139;V
28;079;108;88;28079108_88_98;2023;02;145;V;142;V;149;V;150;V;155;V;157;V;80;V;85;V;109;V;144;V;157;V;126;V;163;V;103;V;144;V;173;V;177;V;97;V;143;V;123;V;138;V;152;V;93;V;191;V;159;V;187;V;159;V;201;V;0;N;0;N;0;N
28;079;108;88;28079108_88_98;2023;03;179;V;204;V;204;V;211;V;66;V;146;V;182;V;87;V;162;V;203;V;213;V;211;V;230;V;224;V;232;V;201;V;224;V;177;V;259;V;231;V;238;V;247;V;238;V;174;V;251;V;294;V;279;V;258;V;259;V;231;V;215;V
28;079;108;88;28079108_88_98;2023;04;230;V;280;V;270;V;297;V;294;V;287;V;287;V;285;V;263;V;263;V;287;V;200;V;298;V;218;V;276;V;302;V;307;V;308;V;298;V;291;V;257;V;284;V;308;V;298;V;307;V;310;V;291;V;222;V;177;V;248;V;0;N
28;079;108;89;28079108_89_98;2023;01;0;V;0;V;0;V;0;V;0;V;0;V;1.9;V;9.7;V;0.1;V;0;V;0;V;0;V;0;V;0;V;0;V;0;V;0;V;0;V;0.1;V;0.1;V;0;V;0;V;0;V;0;V;0;V;0;V;0;V;0;V;0;V;0;V;0;V
28;079;108;89;28079108_89_98;2023;02;0;V;0;V;0;V;0;V;0;V;0;V;0;V;0;V;0.1;V;0;V;0;V;0;V;0;V;0;V;0;V;0;V;0;V;0;V;0;V;0;V;0;V;0;V;0;V;0.1;V;0;V;0;V;0;V;0;V;0;N;0;N;0;N
28;079;108;89;28079108_89_98;2023;03;0;V;0;V;0;V;0;V;0.4;V;0;V;0.1;V;2;V;14.4;V;0;V;0;V;0;V;0;V;0;V;0;V;0;V;0;V;0;V;0;V;0;V;0;V;0;V;0;V;0;V;0;V;0;V;0;V;0;V;0;V;0;V;0;V
28;079;108;89;28079108_89_98;2023;04;0;V;0;V;0;V;0;V;0;V;0;V;0;V;0;V;0;V;0;V;0;V;0;V;0;V;0;V;0;V;0;V;0;V;0;V;0;V;0;V;0;V;7.1;V;0;V;0;V;0;V;0;V;0;V;0.5;V;0;V;0;V;0;N
28;079;109;83;28079109_83_98;2023;01;0;N;0;N;0;N;0;N;0;N;0;N;0;N;0;N;0;N;0;N;0;N;0;N;0;N;0;N;0;N;0;N;0;N;0;N;0;N;0;N;0;N;0;N;0;N;0;N;0;N;0;N;0;N;0;N;0;N;0;N;8.6;V
28;079;109;83;28079109_83_98;2023;02;9.7;V;11.2;V;12.8;V;13.7;V;13.3;V;10;V;7.6;V;7.8;V;9;V;8.1;V;7.6;V;8.2;V;8.7;V;8.6;V;11.1;V;12.3;V;12.3;V;11.8;V;15;V;15.5;V;14.8;V;14.3;V;8.2;V;6.5;N;7.7;V;8.5;V;5;N;3.6;N;0;N;0;N;0;N
28;079;109;83;28079109_83_98;2023;03;5.7;V;8;N;9.3;V;10.3;V;7.6;V;9.6;V;12.1;V;13.2;V;14.3;V;15.1;V;15.6;V;18.3;V;16.8;V;14.1;V;16.7;V;18.1;V;14.9;V;12.8;V;15.7;V;16.4;V;17.3;V;17.9;V;17.2;V;14.9;V;16;V;16.9;V;16.6;V;18.4;V;20.4;V;18.3;V;16.8;V
28;079;109;83;28079109_83_98;2023;04;12.6;N;0;N;15.9;V;14;N;0;N;0;N;0;N;0;N;0;N;0;N;0;N;0;N;0;N;0;N;0;N;0;N;0;N;0;N;0;N;0;N;0;N;0;N;0;N;0;N;0;N;0;N;0;N;0;N;0;N;0;N;0;N
28;079;109;86;28079109_86_98;2023;01;0;N;0;N;0;N;0;N;0;N;0;N;0;N;0;N;0;N;0;N;0;N;0;N;0;N;0;N;0;N;0;N;0;N;0;N;0;N;0;N;0;N;0;N;0;N;0;N;0;N;0;N;0;N;0;N;0;N;0;N;27;V
28;079;109;86;28079109_86_98;2023;02;26;N;24;N;16;N;8;N;6;N;17;N;42;N;46;N;40;N;32;N;32;N;35;N;39;N;44;N;36;N;22;N;15;N;14;N;20;N;18;N;19;N;29;N;46;N;31;N;28;N;27;N;17;N;24;N;0;N;0;N;0;N
28;079;109;86;28079109_86_98;2023;03;19;N;20;N;21;N;22;N;30;N;70;V;73;V;76;V;74;V;55;V;63;V;42;V;48;N;23;N;17;N;15;N;31;N;45;N;24;N;16;N;16;N;15;N;14;N;40;N;47;N;24;N;11;N;3;N;6;N;22;N;32;N
28;079;109;86;28079109_86_98;2023;04;31;N;0;N;9;N;7;N;0;N;0;N;0;N;0;N;0;N;0;N;0;N;0;N;0;N;0;N;0;N;0;N;0;N;0;N;0;N;0;N;0;N;0;N;0;N;0;N;0;N;0;N;0;N;0;N;0;N;0;N;0;N
28;079;110;83;28079110_83_98;2023;01;11.1;V;11.5;V;9.2;V;8.3;V;8;V;7;V;5.4;V;10.8;V;11.7;V;7.7;V;8.1;V;7.1;V;8;V;6.9;V;6.8;V;7;V;8.7;V;4.6;V;5.2;V;10.6;V;8;V;5.4;V;4.4;V;3.6;V;5.1;V;5.9;V;4.9;V;5.4;V;3.7;V;4.7;V;5.5;V
28;079;110;83;28079110_83_98;2023;02;6.4;V;8.5;V;8.6;V;9.6;V;9.8;V;7.1;V;5.8;V;6.8;V;8;V;6.7;V;6.5;V;7.1;V;7.1;V;7.9;V;9.6;V;9.8;V;10.6;V;10.8;V;13.4;V;14.9;V;13.5;V;11.8;V;7.7;V;5.5;V;5.3;V;6.3;V;3.9;V;3.6;V;0;N;0;N;0;N
28;079;110;83;28079110_83_98;2023;03;3;V;5.2;V;6.5;V;7.6;V;5.6;V;8.8;V;11.3;V;13;V;13.9;V;14;V;14.6;V;16.6;V;15.3;V;12.5;V;13.4;V;15.3;V;14.2;V;11.6;V;13.6;V;14;V;14.7;V;15.9;V;15.8;V;14.1;V;14.5;V;15.5;V;14.6;V;15.4;V;17.8;V;17.4;V;16.1;V
28;079;110;83;28079110_83_98;2023;04;14.4;V;13;V;11;N;0;N;18;N;17.2;V;17.7;V;18.5;V;19.5;V;20.7;V;19.9;V;16.1;V;11.8;V;14.4;V;16.8;V;17.9;V;18.1;V;16.5;V;17.7;V;20.2;V;19.7;V;16.2;V;17.6;V;19.6;V;22;V;22.6;V;24;V;24.7;V;22.5;V;20.5;V;0;N
28;079;110;86;28079110_86_98;2023;01;55;V;75;V;76;V;67;V;65;V;71;V;91;V;95;V;66;V;77;V;92;V;80;V;80;V;82;V;81;V;77;V;71;V;61;V;64;V;66;V;57;V;35;V;53;V;58;V;54;V;53;V;52;V;50;V;55;V;55;V;55;V
28;079;110;86;28079110_86_98;2023;02;57;V;51;V;49;V;42;V;35;V;48;V;62;V;64;V;62;V;57;V;55;V;57;V;63;V;65;V;60;V;51;V;39;V;35;V;45;V;39;V;43;V;57;V;65;V;54;V;55;V;55;V;37;V;45;V;0;N;0;N;0;N
28;079;110;86;28079110_86_98;2023;03;46;V;46;V;48;V;50;V;65;V;78;V;76;V;77;V;76;V;64;V;73;V;62;V;63;V;47;V;48;V;45;V;52;V;64;V;50;V;45;V;45;V;41;V;38;V;62;V;63;V;43;V;34;V;31;V;35;V;44;V;54;V
28;079;110;86;28079110_86_98;2023;04;48;V;36;V;39;N;0;N;9;N;18;V;21;V;27;V;29;V;26;V;34;V;46;V;39;V;48;V;43;V;36;V;23;V;30;V;38;V;30;V;34;V;56;V;43;V;45;V;40;V;33;V;29;V;30;V;37;V;42;V;0;N
28;079;111;83;28079111_83_98;2023;01;11.3;V;11.3;V;9.6;V;8.6;V;8.9;V;7.6;V;5.7;V;10.6;V;11.3;V;8.1;V;7.6;V;7.8;V;7.9;V;8;V;6.9;V;6.7;V;8.4;V;4.3;V;4.8;V;10.4;V;7.8;V;5.2;V;4.6;V;3.5;V;4.7;V;6.2;V;5.2;V;5.1;V;3.7;V;4;V;5.8;V
28;079;111;83;28079111_83_98;2023;02;7.4;V;8.5;V;9.9;V;11;V;11.6;V;8.6;V;5.5;V;6.4;V;7.7;V;6.3;V;6;V;6.6;V;6.9;V;7.4;V;9.5;V;10.1;V;10.1;V;10.3;V;13.5;V;14.4;V;13.3;V;12.5;V;7.6;V;5.8;V;5.5;V;6.5;V;2.6;N;0;N;0;N;0;N;0;N
28;079;111;83;28079111_83_98;2023;03;0;N;0;N;0;N;0;N;0;N;0;N;0;N;0;N;15.2;N;14;V;14.4;V;16.7;V;16;V;12.2;V;14.4;V;16.2;V;14.4;V;11.4;V;13.8;V;14.4;V;15.6;V;16.2;V;16;V;14.2;V;14.9;V;15.2;V;14.5;V;16.4;V;18.6;V;17.4;V;16;V
28;079;111;83;28079111_83_98;2023;04;14;V;12.8;V;13;V;14.6;V;14.5;V;17;V;17.4;V;19.6;V;20.3;V;20.9;V;20.2;V;16;V;11.6;V;14.2;V;16.7;V;17.8;V;18.2;V;16.5;V;17.9;V;20.4;V;20;V;16.2;V;17.7;V;19.6;V;22.1;V;22.8;V;24.6;V;25;V;22.8;V;20.2;V;0;N
28;079;111;86;28079111_86_98;2023;01;51;V;74;V;70;V;64;V;58;V;68;V;90;V;97;V;67;V;73;V;93;V;78;V;78;V;79;V;80;V;78;V;72;V;60;V;65;V;65;V;57;V;35;V;49;V;56;V;54;V;50;V;49;V;51;V;53;V;56;V;52;V
28;079;111;86;28079111_86_98;2023;02;51;V;50;V;40;V;31;V;24;V;39;V;62;V;65;V;61;V;56;V;55;V;58;V;63;V;66;V;59;V;48;V;40;V;35;V;43;V;41;V;41;V;53;V;65;V;52;V;53;V;54;V;43;N;0;N;0;N;0;N;0;N
28;079;111;86;28079111_86_98;2023;03;0;N;0;N;0;N;0;N;0;N;0;N;0;N;0;N;63;N;61;V;73;V;62;V;60;V;46;V;42;V;39;V;50;V;62;V;49;V;40;V;39;V;38;V;36;V;59;V;61;V;43;V;32;V;23;V;28;V;43;V;54;V
28;079;111;86;28079111_86_98;2023;04;48;V;35;V;30;V;20;V;13;V;16;V;20;V;20;V;25;V;24;V;30;V;44;V;38;V;48;V;42;V;36;V;20;V;29;V;37;V;27;V;32;V;55;V;41;V;44;V;38;V;30;V;24;V;27;V;35;V;43;V;0;N
28;079;112;83;28079112_83_98;2023;01;11.6;V;11.8;V;10.3;V;8.9;V;8.8;V;7.6;V;6.1;V;11.3;V;12.2;V;8.2;V;8.4;V;7.7;V;8.4;V;7;V;7.5;V;7.2;V;9.3;V;5.6;V;5.5;V;11.4;V;8.4;V;5.6;V;4.7;V;4.1;V;5.4;V;6.3;V;5.4;V;5.4;V;4;V;4.6;V;5.6;V
28;079;112;83;28079112_83_98;2023;02;7.5;V;8.7;V;9.2;V;10;V;10.8;V;7.8;V;6.1;V;7.2;V;8.4;V;7.2;V;6.6;V;7.4;V;7.6;V;8;V;10.1;V;10.6;V;10.8;V;10.8;V;14.2;V;15;V;14;V;12.6;V;8.1;V;6.6;V;5.8;V;6.8;V;4.2;V;4.2;V;0;N;0;N;0;N
28;079;112;83;28079112_83_98;2023;03;3.7;V;5.7;V;7.5;V;8.4;V;6.8;V;9.4;V;11.9;V;13.5;V;14.4;V;14.5;V;14.8;V;17;V;15.2;V;13.2;V;14.4;V;16.6;V;14.1;V;12.1;V;13.9;V;14.7;V;15.6;V;16.2;V;16;V;14.1;V;15;V;16.1;V;15.1;V;16.7;V;18.8;V;17.5;V;16.3;V
28;079;112;83;28079112_83_98;2023;04;15.1;V;13.2;V;13.5;V;15;V;14.9;V;17.3;V;17.7;V;19.5;V;16;N;21.2;V;20.5;V;16.6;V;12.9;V;15.1;V;17.4;V;18.3;V;18.7;V;16.9;V;18.2;V;20.8;V;20.1;V;16.6;V;17.8;V;20.2;V;22.7;V;23.3;V;24.5;V;25.4;V;23.3;V;20.7;V;0;N
28;079;112;86;28079112_86_98;2023;01;53;V;73;V;72;V;66;V;62;V;70;V;90;V;94;V;68;V;76;V;91;V;79;V;79;V;84;V;79;V;78;V;70;V;57;V;63;V;64;V;57;V;37;V;52;V;56;V;54;V;52;V;51;V;52;V;55;V;57;V;56;V
28;079;112;86;28079112_86_98;2023;02;55;V;53;V;48;V;43;V;35;V;48;V;63;V;64;V;61;V;55;V;56;V;58;V;63;V;66;V;59;V;48;V;40;V;38;V;44;V;41;V;43;V;56;V;64;V;51;V;55;V;54;V;37;V;45;V;0;N;0;N;0;N
28;079;112;86;28079112_86_98;2023;03;44;V;46;V;47;V;49;V;63;V;78;V;75;V;76;V;74;V;65;V;72;V;61;V;63;V;44;V;44;V;40;V;52;V;61;V;48;V;41;V;41;V;40;V;38;V;62;V;61;V;42;V;33;V;25;V;30;V;44;V;53;V
28;079;112;86;28079112_86_98;2023;04;45;V;35;V;31;V;21;V;15;V;18;V;21;V;24;V;34;N;26;V;32;V;45;V;36;V;46;V;42;V;36;V;21;V;30;V;38;V;28;V;33;V;55;V;43;V;44;V;40;V;32;V;27;V;29;V;36;V;43;V;0;N
28;079;113;83;28079113_83_98;2023;01;11.4;V;12.4;V;10.3;V;8.4;V;8.3;V;7.4;V;7.1;V;11.5;V;12;V;8.4;V;9.3;V;7.8;V;8.3;V;7.5;V;8.2;V;8;V;9.7;V;5.9;V;6.1;V;10.6;V;8.3;V;5.6;V;4.8;V;4.4;V;4.9;V;6.2;V;5.7;V;5.3;V;4.1;V;4.1;V;5.1;V
28;079;113;83;28079113_83_98;2023;02;6.8;V;7.6;V;8.4;V;8.8;V;10;V;7.9;V;6.6;V;7.5;V;8.6;V;7.2;V;5;N;0;N;0;N;0;N;0;N;0;N;0;N;0;N;0;N;0;N;0;N;0;N;8.8;N;6.8;V;6.5;V;7;V;4.3;V;4.2;V;0;N;0;N;0;N
28;079;113;83;28079113_83_98;2023;03;4.1;V;5.5;V;7.3;V;7.6;V;7.5;V;10.3;V;12.6;V;14.2;V;15;V;14.6;V;15.4;V;16.7;V;16.1;V;13.7;V;14.2;V;16.5;V;15.3;V;13.3;V;14;V;14.7;V;15.5;V;16.5;V;16.8;V;15.4;V;15.8;V;16.4;V;14.8;V;16.2;V;18.5;V;18.6;V;17.6;V
28;079;113;83;28079113_83_98;2023;04;16;V;13.8;V;13.6;V;15.1;V;14.4;V;16.7;V;17.3;V;19;V;20.3;V;21.3;V;20.7;V;18.4;V;13.9;V;16.2;V;17.7;V;18;V;18.5;V;16.7;V;18.1;V;20.8;V;21.1;V;18.3;V;18.7;V;20.6;V;22.8;V;23.6;V;24.7;V;25.8;V;24.3;V;19.1;N;0;N
28;079;113;86;28079113_86_98;2023;01;53;V;70;V;71;V;67;V;63;V;70;V;84;V;93;V;70;V;74;V;87;V;77;V;78;V;80;V;75;V;74;V;68;V;56;V;62;V;67;V;57;V;37;V;52;V;55;V;55;V;52;V;49;V;52;V;54;V;58;V;57;V
28;079;113;86;28079113_86_98;2023;02;56;V;55;V;49;V;45;V;36;V;47;V;61;V;62;V;60;V;55;V;62;N;0;N;0;N;0;N;0;N;0;N;0;N;0;N;0;N;0;N;0;N;0;N;51;N;49;V;52;V;52;V;37;V;44;V;0;N;0;N;0;N
28;079;113;86;28079113_86_98;2023;03;42;V;46;V;47;V;50;V;60;V;74;V;71;V;73;V;72;V;63;V;70;V;63;V;61;V;44;V;44;V;41;V;50;V;58;V;48;V;41;V;41;V;40;V;37;V;59;V;59;V;41;V;34;V;26;V;31;V;42;V;51;V
28;079;113;86;28079113_86_98;2023;04;44;V;34;V;31;V;21;V;15;V;19;V;22;V;24;V;28;V;26;V;31;V;42;V;35;V;44;V;42;V;36;V;21;V;31;V;38;V;29;V;32;V;51;V;42;V;43;V;39;V;32;V;27;V;28;V;35;V;51;N;0;N
28;079;114;83;28079114_83_98;2023;01;10.2;V;11.9;V;8.9;V;7;V;6.9;V;5.9;V;5.5;V;11.4;V;12;V;7.4;V;8.5;V;6.5;V;8;V;6.4;V;7.5;V;7.6;V;9.6;V;5.4;V;5.7;V;10.9;V;8.3;V;5.6;V;3.9;V;4.2;V;5.6;V;5.5;V;4.3;V;5.3;V;3.8;V;4.3;V;4.2;V
28;079;114;83;28079114_83_98;2023;02;5.8;V;6.6;V;7.1;V;7.4;V;8.9;V;7;V;6.6;V;7.7;V;8.9;V;7.2;V;7;V;7.5;V;7.4;V;8.9;V;10.3;V;9.3;V;9.6;V;10.5;V;13.1;V;14.1;V;13.4;V;11.9;V;8.3;V;5.5;V;5.4;V;6.3;V;4.5;V;4;V;0;N;0;N;0;N
28;079;114;83;28079114_83_98;2023;03;3.2;V;5;V;6.7;V;7.6;V;5.8;V;9.5;V;12.1;V;13.8;V;14.8;V;14.6;V;15.1;V;17.1;V;15;V;13.1;V;13.7;V;15;V;14.5;V;12.1;V;14;V;13.8;V;14.9;V;15.5;V;15.7;V;14.6;V;15.1;V;16.1;V;14.9;V;15.5;V;17.5;V;17.9;V;16.9;V
28;079;114;83;28079114_83_98;2023;04;15.3;V;13.8;V;13.9;V;15.3;V;15.1;V;17.2;V;17.7;V;18.3;V;19;V;20.4;V;20.1;V;16.7;V;12.6;V;15;V;18;V;19.2;V;19;V;18.2;V;19.1;V;20;V;19.9;V;17.1;V;17.7;V;20.3;V;22.3;V;22.6;V;23.7;V;24.6;V;22.8;V;21.5;V;0;N
28;079;114;86;28079114_86_98;2023;01;65;V;75;V;78;V;74;V;73;V;77;V;90;V;93;V;69;V;80;V;91;V;83;V;81;V;86;V;79;V;76;V;69;V;58;V;63;V;66;V;59;V;37;V;57;V;57;V;54;V;57;V;57;V;53;V;57;V;59;V;62;V
28;079;114;86;28079114_86_98;2023;02;62;V;60;V;56;V;53;V;43;V;52;V;61;V;62;V;61;V;57;V;55;V;58;V;65;V;63;V;59;V;56;V;46;V;41;V;51;V;46;V;47;V;59;V;64;V;55;V;57;V;57;V;36;V;46;V;0;N;0;N;0;N
28;079;114;86;28079114_86_98;2023;03;46;V;49;V;51;V;53;V;67;V;77;V;74;V;74;V;73;V;64;V;72;V;63;V;67;V;46;V;50;V;50;V;53;V;64;V;52;V;49;V;48;V;46;V;42;V;61;V;63;V;44;V;36;V;33;V;38;V;45;V;54;V
28;079;114;86;28079114_86_98;2023;04;47;V;36;V;32;V;24;V;18;V;24;V;24;V;31;V;34;V;31;V;36;V;47;V;38;V;48;V;42;V;36;V;24;V;30;V;38;V;34;V;36;V;55;V;46;V;46;V;43;V;37;V;32;V;34;V;40;V;42;V;0;N
28;079;115;83;28079115_83_98;2023;01;10.9;V;12.5;V;9.8;V;8.1;V;8;V;7.1;V;6.2;V;11.5;V;12.6;V;8.6;V;9.2;V;7.6;V;9.2;V;7.7;V;8.4;V;7.9;V;9.8;V;6.3;V;6;V;11.5;V;9.4;V;6.9;V;5.5;V;5.3;V;6.9;V;6.6;V;5.4;V;6.8;V;5.4;V;5.9;V;5.8;V
28;079;115;83;28079115_83_98;2023;02;7.3;V;8.1;V;8.7;V;9.2;V;10.3;V;8.6;V;7.5;V;8.3;V;10.2;V;8.8;V;8.6;V;8.9;V;8.9;V;9.7;V;11.5;V;10.9;V;11.2;V;11.3;V;14;V;14.8;V;14.4;V;13.5;V;9.5;V;7.6;V;7.2;V;8.3;V;6.2;V;6;V;0;N;0;N;0;N
28;079;115;83;28079115_83_98;2023;03;5.2;V;7.1;V;8.6;V;9.5;V;6.8;V;10.5;V;13.2;V;14.4;V;15.5;V;15.7;V;16.6;V;18.5;V;16.4;V;14.7;V;15.6;V;16.3;V;15.7;V;13.4;V;15.8;V;15.6;V;11.7;N;0;N;0;N;0;N;0;N;0;N;21.1;N;17.4;V;19.1;V;19.1;V;17.8;V
28;079;115;83;28079115_83_98;2023;04;16.7;V;16.3;V;15.9;V;17.1;V;17.2;V;19.1;V;19.6;V;20.2;V;20.6;V;22.2;V;21.7;V;17.9;V;13.9;V;19.6;N;19.5;V;21;V;21;V;19.9;V;20.8;V;21.6;V;21.1;V;18.8;V;19.5;V;21.7;V;24.1;V;24.2;V;25.3;V;25.6;V;24.3;V;22.8;V;0;N
28;079;115;86;28079115_86_98;2023;01;62;V;72;V;74;V;69;V;68;V;71;V;85;V;92;V;68;V;74;V;87;V;77;V;75;V;79;V;74;V;74;V;67;V;55;V;61;V;65;V;55;V;35;V;52;V;53;V;50;V;53;V;53;V;48;V;51;V;53;V;56;V
28;079;115;86;28079115_86_98;2023;02;56;V;55;V;51;V;48;V;40;V;47;V;57;V;59;V;56;V;52;V;50;V;52;V;59;V;59;V;55;V;52;V;43;V;39;V;48;V;44;V;45;V;54;V;59;V;49;V;50;V;51;V;33;V;41;V;0;N;0;N;0;N
28;079;115;86;28079115_86_98;2023;03;41;V;44;V;45;V;47;V;62;V;72;V;70;V;71;V;70;V;60;V;66;V;58;V;61;V;42;V;45;V;45;V;49;V;59;V;48;V;44;V;58;N;0;N;0;N;0;N;0;N;0;N;23;N;30;V;35;V;42;V;51;V
28;079;115;86;28079115_86_98;2023;04;43;V;32;V;29;V;22;V;16;V;22;V;22;V;28;V;31;V;29;V;33;V;43;V;35;V;41;N;40;V;33;V;22;V;28;V;34;V;31;V;33;V;51;V;42;V;42;V;39;V;33;V;30;V;32;V;38;V;39;V;0;N
28;079;4;83;28079004_83_98;2023;01;10.6;V;11.6;V;8.4;V;6.4;V;6.4;V;5.8;V;4.5;V;10.9;V;11.8;V;6.9;V;7.6;V;6;V;7.7;V;6.4;V;6.8;V;7.2;V;8.5;V;4.7;V;5.3;V;10.9;V;7.5;V;5;V;3.6;V;3.2;V;5.2;V;5.1;V;3.4;V;5;V;2.9;V;3.7;V;3.5;V
28;079;4;83;28079004_83_98;2023;02;5.3;V;6;V;6.8;V;7.5;V;8.3;V;5.9;V;5.6;V;6.6;V;7.8;V;6.5;V;6.8;V;7.3;V;6.8;V;8.2;V;9.8;V;8.6;V;9.2;V;9.4;V;12.9;V;13.8;V;12.7;V;11;V;7.4;V;4.5;V;4.3;V;5.6;V;3.9;V;3.2;V;0;N;0;N;0;N
28;079;4;83;28079004_83_98;2023;03;2.5;V;4.3;V;5.9;V;6.8;V;4.6;V;9.2;V;11.5;V;13.2;V;14.1;V;14.3;V;15;V;16.7;V;14.6;V;12.9;V;12.4;V;14.6;V;14.4;V;11.7;V;13.1;V;12.9;V;14;V;15;V;15.4;V;14.2;V;14.5;V;15.7;V;14;V;14.6;V;16.7;V;17.5;V;16.3;V
28;079;4;83;28079004_83_98;2023;04;14.7;V;13.1;V;12.9;V;13.8;V;14.1;V;16.1;V;17.2;V;17.5;V;18.3;V;20.3;V;19.6;V;16.3;V;12.4;V;14.6;V;17.1;V;18.3;V;17.7;V;16.6;V;18.1;V;19.6;V;19.4;V;16.6;V;17.6;V;19.6;V;21.8;V;22.1;V;23.1;V;23.9;V;22.1;V;20.5;V;0;N
28;079;8;83;28079008_83_98;2023;01;11.6;V;11.2;V;9.9;V;8.9;V;9;V;7.2;V;5.7;V;10.8;V;11.4;V;8;V;7.8;V;7.6;V;8;V;7.3;V;7;V;6.8;V;8.8;V;4.5;V;5;V;10.6;V;7.6;V;5.1;V;4.2;V;3.5;V;4.8;V;5.8;V;4.9;V;5;V;3.4;V;4.3;V;5.6;V
28;079;8;83;28079008_83_98;2023;02;7.7;V;8.6;V;9.6;V;10.8;V;11.3;V;8.1;V;5.7;V;6.5;V;7.7;V;6.7;V;6.3;V;6.9;V;7.4;V;7.6;V;9.7;V;10.4;V;10.7;V;10.6;V;13.8;V;14.5;V;13.6;V;12.4;V;7.6;V;8.3;N;5.3;V;6.3;V;3.6;V;3.5;V;0;N;0;N;0;N
28;079;8;83;28079008_83_98;2023;03;3.1;V;5.4;V;7.3;V;7.9;V;7.2;N;9;V;11.5;V;12.8;V;13.8;V;14.2;V;14.8;V;17;V;15.5;V;12.6;V;14.7;V;16.7;V;14;V;11.7;V;13.9;V;14.9;V;15.7;V;16.3;V;15.7;V;14;V;14.9;V;15.8;V;14.5;V;16.7;V;19;V;17.2;V;16.2;V
28;079;8;83;28079008_83_98;2023;04;14.5;V;12.8;V;13.2;V;14.8;V;14.4;V;17;V;17.5;V;19.6;V;20.1;V;20.5;V;20;V;16.2;V;12;V;14.6;V;17;V;17.7;V;18.2;V;16.3;V;17.5;V;20.2;V;19.6;V;16.4;V;17.6;V;19.4;V;21.8;V;22.6;V;24.1;V;25.1;V;22.2;V;20.1;V;0;N
28;079;8;86;28079008_86_98;2023;01;51;V;78;V;70;V;65;V;60;V;73;V;92;V;97;V;66;V;76;V;93;V;79;V;79;V;83;V;79;V;81;V;75;V;61;V;68;V;66;V;58;V;38;V;55;V;59;V;56;V;54;V;53;V;54;V;57;V;58;V;57;V
28;079;8;86;28079008_86_98;2023;02;54;V;53;V;45;V;38;V;30;V;45;V;65;V;66;V;64;V;58;V;58;V;60;V;65;V;68;V;61;V;49;V;41;V;38;V;45;V;42;V;45;V;57;V;68;V;44;N;58;V;57;V;40;V;48;V;0;N;0;N;0;N
28;079;8;86;28079008_86_98;2023;03;46;V;48;V;50;V;51;V;-0;N;80;V;77;V;79;V;77;V;64;V;73;V;63;V;64;V;48;V;44;V;41;V;55;V;65;V;50;V;42;V;43;V;42;V;42;V;65;V;64;V;46;V;37;V;26;V;31;V;48;V;57;V
28;079;8;86;28079008_86_98;2023;04;50;V;38;V;34;V;23;V;18;V;20;V;24;V;26;V;31;V;31;V;36;V;49;V;41;V;51;V;46;V;39;V;24;V;34;V;43;V;33;V;39;V;59;V;48;V;50;V;45;V;37;V;31;V;31;V;42;V;46;V;0;N
28;079;16;83;28079016_83_98;2023;01;10.8;V;11.2;V;9.5;V;7.7;V;7.7;V;6.7;V;5.4;V;10.7;V;11.1;V;7.4;V;7.8;V;7.2;V;7.8;V;7.1;V;7.2;V;6.9;V;8.3;V;4.3;V;4.9;V;10.2;V;6.9;V;4.4;V;4.1;V;3;V;4.6;V;5.8;V;4.4;V;4.4;V;3;V;3.9;V;4.8;V
28;079;16;83;28079016_83_98;2023;02;6.8;V;7.5;V;8.5;V;9.6;V;10.5;V;7.4;V;5.2;V;6.4;V;7.5;V;5.9;V;5.6;V;6.1;V;6.6;V;6.9;V;9.1;V;9.3;V;9.5;V;9.5;V;12.9;V;13.9;V;12.9;V;11.9;V;7.2;V;5.6;V;4.4;V;5.9;V;3.5;V;3.4;V;0;N;0;N;0;N
28;079;16;83;28079016_83_98;2023;03;2.7;V;4.9;V;6.7;V;7.4;V;5.6;V;9;V;11.5;V;12.7;V;13.6;V;14.2;V;14.9;V;16.5;V;15.3;V;12.6;V;13.8;V;15.8;V;14.3;V;11.7;V;13.5;V;14;V;15.3;V;15.9;V;15.9;V;14.4;V;15;V;15.8;V;14.5;V;15.9;V;18.2;V;17.7;V;16.3;V
28;079;16;83;28079016_83_98;2023;04;14.4;V;13.2;V;13.1;V;15;V;14.5;V;16.7;V;17.1;V;19;V;19.7;V;20.6;V;19.9;V;16.3;V;12.3;V;14.4;V;17;V;18.1;V;18.2;V;16.6;V;17.6;V;20.2;V;19.7;V;16.6;V;17.7;V;19.7;V;21.8;V;22.4;V;23.8;V;24.5;V;22.5;V;20.4;V;0;N
28;079;16;86;28079016_86_98;2023;01;58;V;77;V;73;V;70;V;66;V;74;V;93;V;98;V;69;V;79;V;92;V;80;V;81;V;84;V;78;V;80;V;72;V;61;V;68;V;70;V;62;V;44;V;55;V;61;V;59;V;56;V;56;V;57;V;60;V;60;V;59;V
28;079;16;86;28079016_86_98;2023;02;57;V;57;V;49;V;40;V;32;V;48;V;68;V;69;V;66;V;60;V;61;V;64;V;68;V;71;V;64;V;54;V;46;V;44;V;50;V;47;V;48;V;59;V;68;V;56;V;63;V;59;V;41;V;49;V;0;N;0;N;0;N
28;079;16;86;28079016_86_98;2023;03;48;V;50;V;52;V;54;V;70;V;80;V;77;V;79;V;78;V;63;V;73;V;66;V;65;V;49;V;48;V;45;V;54;V;64;V;53;V;46;V;44;V;43;V;41;V;63;V;63;V;46;V;38;V;29;V;34;V;46;V;56;V
28;079;16;86;28079016_86_98;2023;04;51;V;39;V;35;V;25;V;20;V;22;V;26;V;27;V;31;V;30;V;36;V;47;V;42;V;51;V;46;V;40;V;26;V;34;V;42;V;33;V;37;V;58;V;46;V;48;V;43;V;36;V;31;V;33;V;40;V;47;V;0;N
28;079;18;83;28079018_83_98;2023;01;10.6;V;11.9;V;9;V;7.2;V;7;V;6.2;V;5.2;V;11.3;V;12.1;V;7.5;V;8.4;V;7.1;V;8.1;V;6.8;V;7.5;V;7.7;V;9.2;V;5.3;V;6;V;11.3;V;7.9;V;5.4;V;4.1;V;3.4;V;5.2;V;5.5;V;4.2;V;5.5;V;3.4;V;4.2;V;4.3;V
28;079;18;83;28079018_83_98;2023;02;5.7;V;6.8;V;7.4;V;8;V;8.8;V;6.6;V;5.9;V;7.2;V;8.1;V;6.6;V;6.4;V;7;V;6.8;V;8.1;V;9.8;V;9.1;V;9.4;V;10;V;13.2;V;14;V;13.1;V;11.8;V;8.2;V;5.5;V;5.3;V;6.2;V;4.1;V;4;V;0;N;0;N;0;N
28;079;18;83;28079018_83_98;2023;03;3;V;4.9;V;6.4;V;7.3;V;5.5;V;9.6;V;12.4;V;13.9;V;14.7;V;14.9;V;15.6;V;16.9;V;15.4;V;13.4;V;13.2;V;15.4;V;15;V;12.8;V;13.4;V;13.8;V;14.7;V;16;V;16.4;V;14.8;V;15.1;V;16.9;V;14.2;V;15.1;V;17.5;V;18.3;V;17.1;V
28;079;18;83;28079018_83_98;2023;04;15.6;V;13.5;V;13.6;V;14.6;V;14.6;V;16.5;V;17.5;V;18.3;V;19.4;V;20.9;V;20.4;V;17.7;V;13.5;V;15.7;V;17.4;V;18.3;V;18.5;V;16.9;V;18;V;20.2;V;20.2;V;17.4;V;18.2;V;20.2;V;22.5;V;22.9;V;23.6;V;24.5;V;23.1;V;20.7;V;0;N
28;079;24;81;28079024_81_98;2023;01;0.76;V;0.95;V;0.71;V;0.58;V;0.68;V;0.76;V;0.59;V;3.5;V;1.78;V;0.97;V;0.63;V;0.86;V;0.68;V;0.86;V;1.56;V;4.11;V;4.07;V;2.41;V;2.8;V;1.73;V;1.09;V;1.2;V;1.08;V;1.06;V;1.11;V;0.98;V;1.56;V;1.17;V;1.14;V;0.8;V;0.75;V
28;079;24;81;28079024_81_98;2023;02;0.88;V;0.65;V;0.66;V;0.7;V;0.84;V;1.71;V;1.02;V;1.27;V;0.78;V;1.01;V;1.57;V;1.16;V;1.16;V;1.41;V;0.99;V;0.81;V;0.97;V;0.74;V;0.87;V;1.2;V;0.96;V;0.98;V;2.01;V;0.97;V;1.1;V;0.98;V;1.36;V;1.14;V;0;N;0;N;0;N
28;079;24;81;28079024_81_98;2023;03;0.9;V;0.9;V;1.05;V;0.84;V;0.76;V;1.99;V;2.8;V;3.1;V;2.78;V;2.31;V;1.94;V;1.13;V;2.68;V;1.66;V;0.72;V;0.89;V;3.15;V;1.6;V;0.86;V;1.04;V;0.99;V;1.44;V;1.83;V;1.88;V;1.88;V;2.08;V;1.04;V;0.9;V;1.26;V;2.66;V;2.91;V
28;079;24;81;28079024_81_98;2023;04;2.36;V;1.23;V;1.02;V;2;V;1.16;V;0.96;V;1.26;V;1.13;V;1.35;V;1.34;V;1.8;V;2.01;V;2.02;V;2.33;V;1.71;V;1.58;V;1.25;V;1.41;V;1.43;V;1.62;V;2.16;V;2.05;V;1.86;V;1.68;V;1.51;V;1.73;V;1.3;V;1.18;V;1.37;V;1.23;V;0;N
28;079;24;82;28079024_82_98;2023;01;1;V;2;V;0;V;23;V;0;V;138;V;0;V;212;V;286;V;86;V;0;V;228;V;0;V;131;V;214;V;214;V;221;V;287;V;202;V;281;V;1;V;6;V;1;V;1;V;0;V;233;V;1;V;7;V;1;V;326;V;1;V
28;079;24;82;28079024_82_98;2023;02;0;V;0;V;2;V;1;V;55;V;6;V;32;V;5;V;14;V;3;V;119;V;5;V;85;V;47;V;0;V;9;V;26;V;2;V;46;V;1;V;6;V;10;V;210;V;0;V;3;V;276;V;3;V;1;V;0;N;0;N;0;N
28;079;24;82;28079024_82_98;2023;03;9;V;109;V;0;V;7;V;2;V;204;V;213;V;216;V;188;V;201;V;204;V;130;V;205;V;279;V;35;V;9;V;213;V;214;V;7;V;0;V;2;V;211;V;200;V;198;V;212;V;226;V;34;V;114;V;215;V;226;V;212;V
28;079;24;82;28079024_82_98;2023;04;236;V;4;V;27;V;45;V;0;V;0;V;30;V;8;V;2;V;8;V;73;V;231;V;302;V;225;V;283;V;0;V;5;V;1;V;71;V;17;V;233;V;207;V;199;V;10;V;226;V;3;V;212;V;212;V;209;V;4;V;0;N
28;079;24;83;28079024_83_98;2023;01;9.3;V;10.7;V;7.2;V;5.7;V;5.6;V;4.5;V;3.6;V;10.2;V;10.7;V;6;V;7.3;V;5.2;V;7.1;V;5.2;V;6;V;6.2;V;7.8;V;3.8;V;4.3;V;10;V;6.2;V;3.6;V;2.3;V;1.8;V;3.9;V;3.9;V;2.5;V;3.9;V;1.7;V;2.4;V;2.6;V
28;079;24;83;28079024_83_98;2023;02;4.1;V;5.9;V;5.9;V;6.6;V;7.1;V;4.7;V;4.8;V;6;V;6.6;V;5.2;V;4.9;V;5.8;V;5.5;V;7;V;8.9;V;7.2;V;8;V;8.2;V;11.7;V;12.7;V;11.5;V;9.8;V;6.2;V;3.4;V;3.1;V;4.1;V;2.6;V;2.1;V;0;N;0;N;0;N
28;079;24;83;28079024_83_98;2023;03;1.1;V;3;V;4.7;V;5.6;V;3.5;V;8.1;V;10.6;V;12.4;V;13.2;V;12.9;V;13.7;V;15.6;V;13.3;V;11.5;V;11.6;V;12.7;V;13;V;10.4;V;12;V;11.7;V;12.8;V;13.6;V;13.8;V;12.8;V;13;V;14.2;V;12.6;V;13.2;V;15.5;V;15.9;V;15;V
28;079;24;83;28079024_83_98;2023;04;13.7;V;11.7;V;11.6;V;13;V;13;V;15.2;V;15.8;V;16.2;V;17.5;V;19.3;V;18.5;V;14.9;V;11.1;V;13.7;V;16.4;V;17.3;V;16.7;V;15.9;V;16.9;V;18.5;V;18.2;V;15.3;V;16.3;V;18.8;V;21;V;21.4;V;22.1;V;22.8;V;21.5;V;19.6;V;0;N
28;079;24;86;28079024_86_98;2023;01;66;V;80;V;83;V;79;V;77;V;82;V;98;V;98;V;68;V;85;V;95;V;87;V;84;V;88;V;82;V;83;V;73;V;63;V;70;V;68;V;66;V;42;V;62;V;67;V;60;V;62;V;62;V;57;V;64;V;66;V;68;V
28;079;24;86;28079024_86_98;2023;02;67;V;64;V;60;V;56;V;47;V;59;V;69;V;68;V;68;V;63;V;62;V;65;V;72;V;70;V;64;V;61;V;49;V;49;V;55;V;49;V;53;V;67;V;72;V;62;V;66;V;64;V;42;V;51;V;0;N;0;N;0;N
28;079;24;86;28079024_86_98;2023;03;53;V;56;V;57;V;59;V;79;V;83;V;80;V;80;V;79;V;70;V;78;V;68;V;71;V;51;V;56;V;57;V;59;V;71;V;57;V;56;V;55;V;51;V;47;V;68;V;68;V;50;V;42;V;38;V;43;V;51;V;60;V
28;079;24;86;28079024_86_98;2023;04;51;V;41;V;39;V;28;V;21;V;24;V;27;V;34;V;35;V;31;V;39;V;52;V;41;V;52;V;45;V;39;V;28;V;33;V;42;V;36;V;39;V;61;V;48;V;49;V;45;V;38;V;34;V;36;V;41;V;46;V;0;N
28;079;24;87;28079024_87_98;2023;01;956;V;956;V;962;V;965;V;961;V;957;V;955;V;948;V;954;V;960;V;960;V;961;V;960;V;958;V;954;V;946;V;934;V;941;V;950;V;949;V;953;V;956;V;954;V;954;V;956;V;951;V;949;V;952;V;956;V;961;V;961;V
28;079;24;87;28079024_87_98;2023;02;959;V;961;V;964;V;964;V;963;V;955;V;953;V;956;V;960;V;965;V;962;V;962;V;963;V;960;V;958;V;959;V;961;V;960;V;957;V;954;V;950;V;948;V;941;V;941;V;937;V;939;V;945;V;950;V;0;N;0;N;0;N
28;079;24;87;28079024_87_98;2023;03;949;V;949;V;951;V;951;V;947;V;943;V;942;V;944;V;946;V;954;V;954;V;954;V;951;V;955;V;953;V;947;V;947;V;949;V;954;V;953;N;948;V;949;V;951;V;951;V;953;V;952;V;954;V;955;V;954;V;954;V;954;V
28;079;24;87;28079024_87_98;2023;04;953;V;955;V;950;V;946;V;949;V;949;V;949;V;950;V;952;N;952;N;952;V;948;V;950;V;950;V;952;V;952;V;948;V;944;V;944;V;942;V;937;V;941;V;945;V;947;V;946;V;946;V;947;V;947;V;946;V;948;V;0;N
28;079;24;88;28079024_88_98;2023;01;82;V;75;V;101;V;99;V;100;V;101;V;22;V;43;V;101;V;101;V;38;V;109;V;95;V;102;V;72;V;42;V;85;V;104;V;76;V;106;V;114;V;126;V;121;V;75;V;126;V;110;V;133;V;128;V;134;V;134;V;136;V
28;079;24;88;28079024_88_98;2023;02;138;V;135;V;141;V;144;V;148;V;150;V;83;V;71;V;104;V;138;V;153;V;138;V;157;V;101;V;140;V;164;V;169;V;85;V;138;V;117;V;137;V;-2;N;101;V;187;V;166;V;181;V;169;V;196;V;0;N;0;N;0;N
28;079;24;88;28079024_88_98;2023;03;161;V;197;V;197;V;203;V;65;V;174;V;171;V;124;V;167;V;195;V;186;V;203;V;222;V;219;V;225;V;133;V;215;V;191;V;240;V;228;V;233;V;241;V;225;V;168;V;241;V;275;V;261;V;256;V;254;V;229;V;215;V
28;079;24;88;28079024_88_98;2023;04;242;V;280;V;265;V;291;V;291;V;282;V;284;V;282;V;263;V;265;V;286;V;218;V;297;V;227;V;293;V;300;V;306;V;305;V;290;V;298;V;257;V;273;V;310;V;298;V;307;V;305;V;287;V;220;V;176;V;254;V;0;N
28;079;24;89;28079024_89_98;2023;01;0.1;V;0;V;0;V;0;V;0;V;0;V;1.8;V;7.5;V;0;V;0;V;0.2;V;0.1;V;0;V;0.1;V;0;V;0.2;V;0.5;V;0;V;0.4;V;0;V;0.1;V;0;V;0;V;0;V;0;V;0;V;0;V;0;V;0;V;0;V;0;V
28;079;24;89;28079024_89_98;2023;02;0;V;0;V;0;V;0;V;0;V;0;V;1.2;V;0;V;0;V;0;V;0;V;0;V;0;V;0;V;0;V;0;V;0;V;0;V;0;V;0;V;0;V;0;V;0;V;0;V;0;V;0;V;0;V;0;V;0;N;0;N;0;N
28;079;24;89;28079024_89_98;2023;03;0;V;0;V;0;V;0;V;3;V;0.1;V;0.3;V;1.6;V;11.7;V;0;V;0;V;0;V;0;V;0;V;0;V;0;V;0;V;0;V;0;V;0;V;0;V;0;V;0;V;0;V;0;V;0;V;0;V;0;V;0;V;0;V;0;V
28;079;24;89;28079024_89_98;2023;04;0;V;0;V;0;V;0;V;0;V;0;V;0;V;0;V;0;V;0;V;0;V;0;V;0;V;0;V;0;V;0;V;0;V;0;V;0;V;0;V;0;V;6.3;V;0;V;0;V;0;V;0;V;0;V;0;V;0.2;V;0;V;0;N
28;079;35;83;28079035_83_98;2023;01;12.4;V;11.5;V;10.5;V;9.6;V;9.5;V;7.6;V;5.8;V;11;V;12.1;V;8.6;V;8.1;V;7.8;V;8.5;V;7.7;V;7.2;V;7.1;V;8.6;V;5;V;5.3;V;11;V;8.3;V;6.2;V;5.1;V;4.2;V;6;V;6.6;V;5.8;V;6.1;V;4.5;V;4.9;V;6.2;V
28;079;35;83;28079035_83_98;2023;02;8.3;V;9.2;V;10;V;10.5;V;11.7;V;8.4;V;6.2;V;7.1;V;8.2;V;7.1;V;6.9;V;7.5;V;7.9;V;8.2;V;10.3;V;11.2;V;11.4;V;11.5;V;14.8;V;15.2;V;14.1;V;12.4;V;7.6;V;5.9;V;5.6;V;7;V;4.5;V;4;V;0;N;0;N;0;N
28;079;35;83;28079035_83_98;2023;03;3.6;V;5.8;V;7.4;V;8.6;V;6.6;V;9.3;V;11.7;V;13.1;V;14.1;V;14.2;V;15.3;V;17.2;V;15.8;V;13.1;V;14.4;V;16.8;V;14.4;V;11.8;V;14.7;V;14.9;V;15.9;V;16.7;V;16.2;V;14.5;V;14.9;V;16.1;V;15.2;V;16.8;V;19.1;V;17.7;V;16.4;V
28;079;35;83;28079035_83_98;2023;04;15.1;V;13.8;V;13.5;V;15.6;V;15.4;V;17.7;V;18;V;19.5;V;20.6;V;21.5;V;20.6;V;16.5;V;12.5;V;14.8;V;17.3;V;18.5;V;19;V;17;V;18.1;V;20.6;V;20.1;V;16.9;V;18;V;20;V;22.4;V;23.4;V;25.2;V;25.8;V;23;V;20.8;V;0;N
28;079;35;86;28079035_86_98;2023;01;49;V;75;V;69;V;62;V;58;V;69;V;90;V;95;V;63;V;74;V;91;V;76;V;76;V;79;V;78;V;78;V;70;V;59;V;65;V;64;V;56;V;36;V;52;V;55;V;53;V;51;V;50;V;50;V;53;V;55;V;54;V
28;079;35;86;28079035_86_98;2023;02;52;V;51;V;46;V;41;V;33;V;46;V;62;V;63;V;61;V;56;V;55;V;57;V;62;V;65;V;58;V;47;V;39;V;36;V;43;V;40;V;43;V;56;V;65;V;53;V;55;V;53;V;38;V;45;V;0;N;0;N;0;N
28;079;35;86;28079035_86_98;2023;03;45;V;46;V;48;V;49;V;63;V;76;V;74;V;76;V;75;V;64;V;71;V;61;V;61;V;46;V;47;V;42;V;53;V;64;V;48;V;43;V;43;V;40;V;39;V;62;V;62;V;45;V;34;V;28;V;32;V;46;V;55;V
28;079;35;86;28079035_86_98;2023;04;48;V;36;V;33;V;23;V;16;V;19;V;23;V;26;V;29;V;27;V;34;V;47;V;39;V;49;V;44;V;38;V;23;V;32;V;40;V;31;V;35;V;56;V;44;V;46;V;42;V;34;V;28;V;29;V;38;V;44;V;0;N
28;079;36;83;28079036_83_98;2023;01;10.4;V;11.2;V;8.5;V;6.7;V;6.8;V;5.7;V;5.7;V;10.7;V;11;V;6.6;V;7.7;V;6.4;V;7;V;6.5;V;6.5;V;6.4;V;8;V;4.2;V;4.6;V;10;V;6.2;V;3.7;V;3.3;V;2.6;V;3.7;V;5.1;V;3.9;V;3.8;V;2.2;V;2.9;V;3.8;V
28;079;36;83;28079036_83_98;2023;02;5.7;V;6.8;V;7.5;V;8.7;V;9.8;V;6.8;V;4.9;V;6.2;V;7.2;V;5.4;V;4.8;V;5.8;V;5.7;V;6.6;V;8.5;V;8.4;V;8.6;V;9.2;V;12.4;V;13.5;V;12.6;V;11.3;V;6.9;V;4.8;V;4;V;5.1;V;2.6;V;2.5;V;0;N;0;N;0;N
28;079;36;83;28079036_83_98;2023;03;2.3;V;4.1;V;6;V;6.3;V;5.3;V;8.4;V;10.7;V;12.5;V;13.4;V;13.4;V;14.1;V;15.7;V;14.6;V;12;V;12.8;V;15;V;13.4;V;11.4;V;12.4;V;13.1;V;14.2;V;15;V;15;V;13.5;V;14.3;V;15;V;13.3;V;14.8;V;17.1;V;16.9;V;15.6;V
28;079;36;83;28079036_83_98;2023;04;14.1;V;11.8;V;12.1;V;13.7;V;13.1;V;15.3;V;15.9;V;17.8;V;18.9;V;19.8;V;19.1;V;15.9;V;11.5;V;14.1;V;16;V;16.7;V;17;V;15.3;V;16.7;V;19.4;V;19.2;V;15.9;V;16.9;V;18.9;V;21.1;V;21.7;V;23;V;23.9;V;22.4;V;19.4;V;0;N
28;079;36;86;28079036_86_98;2023;01;58;V;77;V;78;V;74;V;69;V;79;V;93;V;98;V;69;V;84;V;95;V;84;V;85;V;88;V;81;V;83;V;73;V;61;V;68;V;69;V;64;V;43;V;57;V;62;V;60;V;56;V;55;V;56;V;60;V;63;V;61;V
28;079;36;86;28079036_86_98;2023;02;59;V;58;V;50;V;40;V;30;V;46;V;68;V;69;V;67;V;62;V;63;V;65;V;71;V;72;V;66;V;55;V;45;V;41;V;49;V;45;V;46;V;59;V;68;V;56;V;62;V;61;V;41;V;49;V;0;N;0;N;0;N
28;079;36;86;28079036_86_98;2023;03;47;V;50;V;51;V;55;V;69;V;82;V;80;V;80;V;78;V;68;V;77;V;68;V;67;V;48;V;49;V;45;V;55;V;66;V;54;V;46;V;44;V;43;V;40;V;66;V;65;V;46;V;37;V;28;V;33;V;45;V;56;V
28;079;36;86;28079036_86_98;2023;04;48;V;38;V;33;V;22;V;16;V;20;V;24;V;26;V;29;V;28;V;34;V;46;V;39;V;49;V;45;V;39;V;22;V;33;V;41;V;31;V;35;V;58;V;46;V;48;V;44;V;35;V;29;V;31;V;38;V;47;V;0;N
28;079;38;83;28079038_83_98;2023;01;11.5;V;10.8;V;9.5;V;8.8;V;9;V;7.2;V;5.1;V;10.3;V;10.7;V;7.9;V;7.3;V;7.3;V;7.4;V;7.5;V;6.1;V;6.3;V;7.6;V;3.6;V;4.6;V;10;V;7.3;V;4.5;V;4.1;V;3.2;V;4.5;V;5.5;V;4.4;V;4.9;V;3.3;V;4.2;V;5.9;V
28;079;38;83;28079038_83_98;2023;02;7.7;V;8.7;V;9.5;V;10.7;V;11.1;V;7.8;V;5.2;V;6.2;V;7.4;V;6;V;5.8;V;6.4;V;6.8;V;7.1;V;9.3;V;10.2;V;10.4;V;10.7;V;13.8;V;14.3;V;13.1;V;11.9;V;6.5;V;5.3;V;5.1;V;6.1;V;2.9;V;3.1;V;0;N;0;N;0;N
28;079;38;83;28079038_83_98;2023;03;2.5;V;5;V;6.8;V;7.8;V;6.2;V;8.3;V;10.7;V;12.3;V;13.3;V;13.8;V;14.1;V;16.7;V;15.4;V;11.6;V;14.3;V;16.4;V;13.6;V;10.9;V;13.7;V;14.6;V;15.5;V;16.1;V;15.5;V;13.6;V;14.2;V;14.6;V;14.2;V;16.6;V;18.6;V;16.8;V;15.4;V
28;079;38;83;28079038_83_98;2023;04;13.5;V;12.3;V;12.8;V;14.7;V;14.4;V;16.9;V;17.5;V;19.2;V;20;V;20.6;V;19.6;V;15.3;V;11;V;13.6;V;16.2;V;17.6;V;18.1;V;16.1;V;17.4;V;19.9;V;19.4;V;15.7;V;17.1;V;19.1;V;21.5;V;22.4;V;24.2;V;24.9;V;22.1;V;19.9;V;0;N
28;079;38;86;28079038_86_98;2023;01;49;V;77;V;70;V;65;V;59;V;71;V;94;V;98;V;66;V;75;V;95;V;80;V;81;V;81;V;81;V;81;V;73;V;63;V;68;V;66;V;58;V;37;V;52;V;58;V;56;V;53;V;52;V;52;V;56;V;57;V;54;V
28;079;38;86;28079038_86_98;2023;02;52;V;51;V;43;V;37;V;28;V;44;V;65;V;66;V;64;V;58;V;57;V;60;V;65;V;68;V;61;V;48;V;39;V;36;V;44;V;41;V;44;V;57;V;69;V;54;V;56;V;54;V;39;V;46;V;0;N;0;N;0;N
28;079;38;86;28079038_86_98;2023;03;46;V;47;V;48;V;50;V;64;V;81;V;78;V;80;V;77;V;62;V;75;V;62;V;62;V;49;V;44;V;40;V;55;V;66;V;49;V;41;V;42;V;40;V;39;V;64;V;65;V;47;V;35;V;25;V;30;V;47;V;58;V
28;079;38;86;28079038_86_98;2023;04;51;V;38;V;33;V;22;V;16;V;19;V;22;V;25;V;28;V;27;V;35;V;49;V;41;V;51;V;46;V;38;V;23;V;33;V;40;V;31;V;35;V;59;V;45;V;48;V;42;V;34;V;27;V;29;V;39;V;45;V;0;N
28;079;39;83;28079039_83_98;2023;01;10.9;V;11.3;V;9.2;V;8.1;V;8;V;6.6;V;4.8;V;10.5;V;10.8;V;7.6;V;7.6;V;7;V;7.8;V;7.1;V;6.6;V;6.7;V;8.2;V;4.3;V;5.2;V;10.8;V;7.3;V;4.5;V;3.5;V;3.1;V;4.6;V;5.2;V;3.9;V;4.5;V;3;V;3.7;V;4.8;V
28;079;39;83;28079039_83_98;2023;02;7.1;V;7.8;V;8.1;V;9.1;V;9.6;V;6.9;V;5.4;V;6.3;V;7.6;V;6.3;V;6;V;6.4;V;7;V;7.4;V;9.5;V;9.6;V;9.8;V;10.1;V;13.4;V;14.2;V;13.1;V;11.6;V;6.7;V;5.1;V;2.7;N;0;N;3.7;N;2.9;V;0;N;0;N;0;N
28;079;39;83;28079039_83_98;2023;03;2.5;V;4.4;V;6;V;7.2;V;6.1;V;8.8;V;11.3;V;12.7;V;13.8;V;14.3;V;14.7;V;16.4;V;14.8;V;12.3;V;13.2;V;15.9;V;14.1;V;11.5;V;13.3;V;14.2;V;15;V;15.8;V;15.4;V;13.9;V;14.6;V;15.1;V;13.9;V;15.9;V;18.1;V;16.9;V;16.1;V
28;079;39;83;28079039_83_98;2023;04;14.1;V;12.5;V;12.9;V;14.7;V;14;V;16.6;V;17.1;V;18.5;V;19.3;V;19.8;V;19.6;V;16;V;11.7;V;14.4;V;16.9;V;17.7;V;18.1;V;16.3;V;17.6;V;19.7;V;19.2;V;16.5;V;17.5;V;19.3;V;21.5;V;21.9;V;23.5;V;24.4;V;22.3;V;20.1;V;0;N
28;079;39;86;28079039_86_98;2023;01;61;V;80;V;76;V;73;V;69;V;77;V;95;V;98;V;72;V;80;V;94;V;84;V;83;V;84;V;82;V;82;V;75;V;65;V;70;V;68;V;65;V;45;V;62;V;65;V;62;V;61;V;61;V;60;V;64;V;65;V;64;V
28;079;39;86;28079039_86_98;2023;02;60;V;61;V;55;V;48;V;42;V;55;V;69;V;72;V;68;V;63;V;63;V;66;V;70;V;72;V;66;V;57;V;49;V;46;V;53;V;50;V;51;V;64;V;73;V;62;V;66;N;0;N;44;N;54;V;0;N;0;N;0;N
28;079;39;86;28079039_86_98;2023;03;53;V;56;V;58;V;59;V;70;V;81;V;79;V;82;V;78;V;64;V;76;V;69;V;69;V;54;V;56;V;50;V;59;V;67;V;58;V;50;V;51;V;49;V;48;V;67;V;68;V;52;V;44;V;35;V;40;V;53;V;61;V
28;079;39;86;28079039_86_98;2023;04;56;V;45;V;41;V;32;V;28;V;29;V;33;V;36;V;39;V;39;V;44;V;52;V;48;V;56;V;51;V;47;V;34;V;42;V;49;V;42;V;45;V;62;V;52;V;55;V;51;V;46;V;40;V;40;V;46;V;52;V;0;N
28;079;39;89;28079039_89_98;2023;01;0.1;V;0.1;V;0;V;0;V;0;V;0;V;2.2;V;8.4;V;0.1;V;0;V;0;V;0.1;V;0;V;0;V;0;V;0.1;V;0.2;V;0;V;0.3;V;0.1;V;0.1;V;0;V;0;V;0;V;0;V;0;V;0;V;0;V;0;V;0;V;0;V
28;079;39;89;28079039_89_98;2023;02;0;V;0;V;0;V;0;V;0;V;0;V;0.9;V;0;V;0;V;0;V;0;V;0;V;0;V;0;V;0;V;0;V;0;V;0;V;0;V;0;V;0;V;0;V;0.1;V;0;V;0;N;0;N;0;N;0;V;0;N;0;N;0;N
28;079;39;89;28079039_89_98;2023;03;0;V;0;V;0;V;0;V;1.4;V;0.8;V;0.1;V;1.6;V;11.2;V;0;V;0;V;0;V;0;V;0;V;0;V;0;V;0;V;0;V;0;V;0;V;0;V;0;V;0;V;0;V;0;V;0;V;0;V;0;V;0;V;0;V;0;V
28;079;39;89;28079039_89_98;2023;04;0;V;0;V;0;V;0;V;0;V;0;V;0;V;0;V;0;V;0;V;0;V;0;V;0;V;0;V;0;V;0;V;0;V;0;V;0;V;0;V;0;V;6.8;V;0;V;0;V;0;V;0;V;0;V;0;V;0;V;0;V;0;N
28;079;54;81;28079054_81_98;2023;01;0.72;V;0.75;V;0.64;V;0.59;V;0.63;V;0.64;V;0.66;V;1.65;V;1.87;V;0.79;V;0.81;V;0.76;V;0.71;V;0.72;V;1.98;V;2.21;V;3.81;V;3.32;V;2.02;V;1.22;V;1.36;V;1.36;V;1.13;V;1.08;V;1.22;V;1.3;V;1.7;V;1.11;V;1.14;V;0.82;V;0.66;V
28;079;54;81;28079054_81_98;2023;02;0.85;V;0.81;V;0.64;V;0.7;V;1.07;V;1.43;V;1.08;V;1.23;V;0.78;V;0.96;V;1.45;V;1.17;V;1.16;V;1.19;V;0.88;V;0.89;V;1;V;0.89;V;0.91;V;1.04;V;0.91;V;0.78;V;2.15;V;0.83;V;0.91;V;1.19;V;2.14;V;1.4;V;0;N;0;N;0;N
28;079;54;81;28079054_81_98;2023;03;1.08;V;0.93;V;0.87;V;0.84;V;0.87;V;1.23;V;1.59;V;1.78;V;1.75;V;1.61;V;1.74;V;1.05;V;1.86;V;2.31;V;0.77;V;0.87;V;1.74;V;1.58;V;0.97;V;0.94;V;0.84;V;1.06;V;1.39;V;1.44;V;1.28;V;2.43;V;1.01;V;0.84;V;0.86;V;1.44;V;1.72;V
28;079;54;81;28079054_81_98;2023;04;3.56;V;1.24;V;0.87;V;1.4;V;0.93;V;0.86;V;0.88;V;0.77;V;0.94;V;1.23;V;1.19;V;1.71;V;2.44;V;3.33;V;1.74;V;1.24;V;1.09;V;1.05;V;0.98;V;0.96;V;1.14;V;1.37;V;1.28;V;1.15;V;1.1;V;0.99;V;0.83;V;1.01;V;1.2;V;1.04;V;0;N
28;079;54;82;28079054_82_98;2023;01;40;V;132;V;5;V;3;V;60;V;9;V;8;V;183;V;215;V;29;V;41;V;1;V;6;V;69;V;185;V;189;V;268;V;275;V;197;V;68;V;52;V;1;V;0;V;37;V;23;V;0;V;0;V;2;V;39;V;53;V;3;V
28;079;54;82;28079054_82_98;2023;02;73;V;55;V;7;V;0;V;43;V;46;V;74;V;43;V;119;V;83;V;41;V;57;V;39;V;26;V;43;V;17;V;53;V;31;V;42;V;25;V;11;V;50;V;196;V;74;V;76;V;9;V;5;V;32;V;0;N;0;N;0;N
28;079;54;82;28079054_82_98;2023;03;2;V;12;V;2;V;23;V;40;V;198;V;190;V;198;V;197;V;187;V;193;V;190;V;195;V;269;V;48;V;79;V;191;V;186;V;20;V;76;V;83;V;4;V;187;V;177;V;193;V;193;V;0;V;41;V;16;V;190;V;189;V
28;079;54;82;28079054_82_98;2023;04;279;V;2;V;29;V;32;V;26;V;20;V;73;V;4;V;12;V;63;V;185;V;199;V;284;V;273;V;282;V;0;V;54;V;23;V;1;V;34;V;188;V;186;V;125;V;183;V;64;V;1;V;59;V;0;V;8;V;12;V;0;N
28;079;54;83;28079054_83_98;2023;01;10.7;V;10.8;V;9.1;V;7.3;V;7.2;V;5.9;V;5.6;V;11.1;V;11.1;V;6.6;V;7.7;V;6.5;V;6.8;V;5.9;V;6.4;V;6.6;V;8.3;V;4.3;V;4.9;V;9.9;V;6.7;V;4.3;V;3.6;V;2.6;V;4.1;V;5.2;V;4.1;V;4.1;V;2.5;V;3.3;V;4;V
28;079;54;83;28079054_83_98;2023;02;6.2;V;7.2;V;7.9;V;8.9;V;10.2;V;7.1;V;4.9;V;6.4;V;7.4;V;5.9;V;5.3;V;6.2;V;6.3;V;6.9;V;8.8;V;9.2;V;9.4;V;9.6;V;13.2;V;14.1;V;12.9;V;11.3;V;6.4;V;5;V;4.2;V;5.1;V;2.9;V;3;V;0;N;0;N;0;N
28;079;54;83;28079054_83_98;2023;03;2.4;V;4.4;V;6.5;V;6.9;V;5.4;V;8.6;V;11.1;V;12.8;V;13.7;V;13.5;V;14.2;V;16;V;14.8;V;12.3;V;13.4;V;16.1;V;13.6;V;11.3;V;13.1;V;13.8;V;14.6;V;15.6;V;15.6;V;13.6;V;14.5;V;15.2;V;14;V;15.8;V;18.2;V;17.3;V;16;V
28;079;54;83;28079054_83_98;2023;04;14.2;V;12.4;V;12.6;V;14.3;V;14;V;16.3;V;16.9;V;18.3;V;19.4;V;20;V;19.8;V;16.3;V;11.8;V;14.2;V;16.7;V;17.4;V;17.7;V;16.2;V;17.5;V;20;V;19.6;V;16.5;V;17.3;V;19.6;V;21.8;V;22.4;V;23.8;V;24.7;V;22.5;V;19.9;V;0;N
28;079;54;86;28079054_86_98;2023;01;53;V;76;V;75;V;71;V;67;V;77;V;92;V;95;V;68;V;82;V;93;V;82;V;85;V;87;V;80;V;81;V;70;V;59;V;66;V;69;V;61;V;42;V;56;V;61;V;58;V;55;V;56;V;55;V;59;V;60;V;60;V
28;079;54;86;28079054_86_98;2023;02;57;V;57;V;50;V;41;V;31;V;47;V;67;V;66;V;65;V;59;V;59;V;61;V;67;V;69;V;62;V;51;V;41;V;41;V;45;V;41;V;45;V;58;V;70;V;56;V;62;V;61;V;41;V;48;V;0;N;0;N;0;N
28;079;54;86;28079054_86_98;2023;03;47;V;49;V;50;V;52;V;66;V;80;V;76;V;77;V;75;V;67;V;74;V;65;V;65;V;47;V;47;V;41;V;52;V;65;V;51;V;43;V;43;V;42;V;40;V;65;V;64;V;45;V;36;V;27;V;31;V;44;V;56;V
28;079;54;86;28079054_86_98;2023;04;47;V;38;V;33;V;23;V;17;V;20;V;23;V;26;V;29;V;29;V;33;V;47;V;39;V;49;V;44;V;38;V;23;V;33;V;40;V;31;V;35;V;57;V;46;V;46;V;42;V;34;V;29;V;30;V;39;V;46;V;0;N
28;079;54;88;28079054_88_98;2023;01;80;V;55;V;80;V;105;V;106;V;108;V;32;V;30;V;107;V;99;V;28;V;114;V;100;V;113;V;72;V;40;V;81;V;114;V;108;V;119;V;128;V;133;V;128;V;82;V;134;V;121;V;124;V;138;V;141;V;141;V;140;V
28;079;54;88;28079054_88_98;2023;02;145;V;142;V;149;V;153;V;156;V;159;V;93;V;88;V;125;V;147;V;167;V;150;V;164;V;112;V;154;V;176;V;181;V;99;V;143;V;133;V;139;V;168;V;96;V;198;V;158;V;189;V;172;V;205;V;0;N;0;N;0;N
28;079;54;88;28079054_88_98;2023;03;163;V;209;V;211;V;216;V;76;V;157;V;195;V;117;V;169;V;210;V;189;V;217;V;234;V;233;V;243;V;213;V;204;V;170;V;259;V;241;V;247;V;236;V;251;V;185;V;249;V;289;V;276;V;269;V;267;V;244;V;224;V
28;079;54;88;28079054_88_98;2023;04;212;V;293;V;281;V;306;V;302;V;298;V;297;V;296;V;271;V;266;V;298;V;223;V;301;V;222;V;284;V;319;V;321;V;320;V;296;V;311;V;270;V;270;V;321;V;307;V;316;V;324;V;301;V;251;V;181;V;255;V;0;N
28;079;54;89;28079054_89_98;2023;01;0;V;0;V;0;V;0;V;0;V;0;V;0.5;V;6;V;0;V;0;V;0;V;0;V;0;V;0;V;0;V;0.1;V;0.5;V;0;V;0.5;V;0;V;0;V;0;V;0;V;0;V;0;V;0;V;0;V;0;V;0;V;0;V;0;V
28;079;54;89;28079054_89_98;2023;02;0;V;0;V;0;V;0;V;0;V;0;V;0.6;V;0;V;0;V;0;V;0;V;0;V;0;V;0;V;0;V;0;V;0;V;0;V;0;V;0;V;0;V;0;V;1.4;V;0;V;2.1;V;0;V;0;V;0;V;0;N;0;N;0;N
28;079;54;89;28079054_89_98;2023;03;0;V;0;V;0;V;0;V;2.3;V;0.1;V;0.3;V;1.2;V;10.7;V;0;V;0.2;V;0;V;0;V;0;V;0;V;0;V;0;V;0;V;0;V;0;V;0;V;0;V;0;V;0;V;0;V;0;V;0;V;0;V;0;V;0;V;0;V
28;079;54;89;28079054_89_98;2023;04;0;V;0;V;0;V;0;V;0;V;0;V;0;V;0;V;0;V;0;V;0;V;0.6;V;0;V;0;V;0;V;0;V;0;V;0;V;0;V;0;V;0;V;12.7;V;0;V;0;V;0;V;0;V;0;V;0;V;0.3;V;0;V;0;N
28;079;56;81;28079056_81_98;2023;01;0.7;V;0.77;V;0.74;V;0.66;V;0.69;V;0.68;V;0.64;V;1.97;V;1.16;V;0.8;V;0.8;V;0.71;V;0.81;V;0.69;V;1.14;V;2.27;V;2.58;V;1.76;V;1.74;V;1.23;V;1.14;V;1.01;V;0.91;V;1.31;V;1.08;V;0.89;V;1.16;V;1.06;V;1.29;V;0.77;V;0.69;V
28;079;56;81;28079056_81_98;2023;02;0.89;V;0.69;V;0.73;V;0.72;V;0.86;V;1.59;V;1.11;V;1.36;V;0.8;V;1.05;V;1.32;V;1.13;V;1.14;V;1.5;V;1.16;V;0.88;V;0.98;V;0.85;V;0.9;V;0.94;V;0.86;V;0.8;V;1.44;V;0.84;V;0.93;V;0.96;V;1.32;V;1.08;V;0;N;0;N;0;N
28;079;56;81;28079056_81_98;2023;03;0.99;V;0.89;V;1.08;V;0.87;V;0.78;V;1.29;V;1.75;V;1.76;V;1.71;V;1.6;V;1.23;V;0.94;V;1.67;V;1.35;V;0.82;V;0.86;V;1.82;V;1.25;V;0.94;V;0.89;V;0.89;V;1.06;V;1.18;V;1.16;V;1.31;V;1.51;V;0.97;V;0.83;V;0.97;V;1.63;V;1.9;V
28;079;56;81;28079056_81_98;2023;04;1.73;V;1.13;V;1.06;V;1.88;V;1.07;V;0.89;V;1.02;V;0.85;V;0.99;V;0.96;V;1.19;V;1.33;V;1.52;V;1.63;V;1.35;V;1.34;V;1.2;V;1.25;V;1.11;V;0.97;V;1.13;V;1.17;V;1.09;V;1.04;V;0.9;V;1;V;0.88;V;0.85;V;0.84;V;1.24;V;0;N
28;079;56;82;28079056_82_98;2023;01;6;V;70;V;8;V;72;V;70;V;65;V;0;V;238;V;248;V;8;V;68;V;212;V;28;V;60;V;232;V;229;V;236;V;258;V;239;V;149;V;68;V;75;V;70;V;69;V;67;V;59;V;51;V;75;V;65;V;64;V;68;V
28;079;56;82;28079056_82_98;2023;02;63;V;60;V;14;V;75;V;72;V;69;V;67;V;61;V;67;V;67;V;64;V;58;V;63;V;63;V;61;V;70;V;64;V;50;V;67;V;65;V;7;V;63;V;254;V;198;V;54;V;59;V;85;V;67;V;0;N;0;N;0;N
28;079;56;82;28079056_82_98;2023;03;12;V;73;V;61;V;83;V;56;V;229;V;233;V;211;V;232;V;163;V;227;V;76;V;68;V;246;V;30;V;5;V;95;V;239;V;23;V;206;V;22;V;14;V;8;V;208;V;227;V;237;V;7;V;14;V;65;V;44;V;242;V
28;079;56;82;28079056_82_98;2023;04;241;V;77;V;69;V;66;V;70;V;19;V;62;V;70;V;72;V;44;V;233;V;228;V;224;V;248;V;67;V;76;V;63;V;63;V;63;V;216;V;69;V;199;V;225;V;185;V;149;V;60;V;59;V;213;V;232;V;63;V;0;N
28;079;56;83;28079056_83_98;2023;01;10.5;V;11.4;V;8.8;V;7.5;V;7.2;V;6.1;V;5.4;V;11;V;11.5;V;7.4;V;8.2;V;6.7;V;7.9;V;6.4;V;7.1;V;7;V;8.6;V;5;V;5.3;V;10.7;V;7.4;V;5.2;V;3.9;V;3.2;V;5.1;V;5.4;V;4.3;V;5.1;V;3.2;V;4.1;V;4.5;V
28;079;56;83;28079056_83_98;2023;02;5.6;V;7;V;7.5;V;8.2;V;8.6;V;6.5;V;5.7;V;7;V;7.8;V;6.5;V;6.1;V;6.9;V;6.8;V;7.8;V;9.5;V;9;V;9.1;V;10;V;13.1;V;13.9;V;13;V;11.6;V;7.4;V;5.3;V;5.1;V;6.1;V;3.9;V;3.7;V;0;N;0;N;0;N
28;079;56;83;28079056_83_98;2023;03;3;V;4.9;V;6.4;V;7.2;V;5.5;V;9.3;V;11.6;V;13.4;V;14.2;V;14.1;V;14.9;V;16.8;V;15.1;V;13.1;V;13.4;V;15.3;V;14.1;V;12;V;13.4;V;13.9;V;14.9;V;15.7;V;15.8;V;14.1;V;14.9;V;16;V;14.4;V;15.3;V;17.7;V;17.6;V;16.4;V
28;079;56;83;28079056_83_98;2023;04;15;V;13.4;V;13.5;V;14.5;V;14.3;V;16.5;V;17.2;V;18.2;V;19.3;V;20.7;V;20;V;16.5;V;12.5;V;14.9;V;17.3;V;18;V;18.2;V;16.7;V;17.6;V;20;V;19.6;V;16.9;V;17.6;V;20.1;V;22.3;V;22.9;V;23.6;V;24.5;V;22.7;V;20.6;V;0;N
28;079;56;86;28079056_86_98;2023;01;65;V;80;V;79;V;74;V;73;V;78;V;92;V;95;V;72;V;81;V;92;V;83;V;81;V;86;V;80;V;82;V;73;V;63;V;69;V;69;V;64;V;45;V;61;V;64;V;60;V;61;V;61;V;58;V;62;V;63;V;65;V
28;079;56;86;28079056_86_98;2023;02;65;V;63;V;59;V;56;V;48;V;58;V;68;V;68;V;68;V;63;V;62;V;64;V;70;V;70;V;65;V;60;V;52;V;48;V;55;V;50;V;53;V;64;V;69;V;60;V;62;V;61;V;45;V;52;V;0;N;0;N;0;N
28;079;56;86;28079056_86_98;2023;03;52;V;54;V;56;V;58;V;73;V;80;V;78;V;78;V;77;V;69;V;75;V;67;V;69;V;52;V;54;V;53;V;59;V;68;V;57;V;53;V;52;V;50;V;48;V;68;V;66;V;50;V;43;V;39;V;43;V;51;V;60;V
28;079;56;86;28079056_86_98;2023;04;53;V;44;V;40;V;32;V;27;V;31;V;33;V;37;V;39;V;37;V;42;V;53;V;45;V;53;V;49;V;45;V;33;V;39;V;46;V;41;V;44;V;61;V;52;V;52;V;49;V;42;V;39;V;40;V;47;V;50;V;0;N
28;079;56;87;28079056_87_98;2023;01;952;V;953;V;958;V;961;V;957;V;954;V;952;V;945;V;952;V;958;V;957;V;958;V;957;V;955;V;951;V;943;V;932;V;939;V;947;V;946;V;949;V;953;V;951;V;952;V;954;V;948;V;946;V;948;V;952;V;956;V;956;V
28;079;56;87;28079056_87_98;2023;02;955;V;957;V;959;V;959;V;958;V;952;V;950;V;952;V;958;V;962;V;960;V;959;V;960;V;958;V;956;V;957;V;959;V;957;V;954;V;952;V;948;V;946;V;939;V;939;V;935;V;937;V;943;V;948;V;0;N;0;N;0;N
28;079;56;87;28079056_87_98;2023;03;946;V;946;V;948;V;949;V;945;V;941;V;940;V;942;V;943;V;950;V;951;V;950;V;946;V;949;V;948;V;942;V;942;V;945;V;950;V;950;V;947;V;945;V;944;V;948;V;950;V;949;V;951;V;952;V;951;V;951;V;951;V
28;079;56;87;28079056_87_98;2023;04;950;V;952;V;947;V;943;V;947;V;946;V;945;V;945;V;948;V;950;V;949;V;944;V;947;V;947;V;949;V;949;V;944;V;941;V;942;V;939;V;936;V;940;V;945;V;946;V;945;V;945;V;945;V;944;V;945;V;947;V;0;N
28;079;56;89;28079056_89_98;2023;01;0;V;0.1;V;0;V;0;V;0;V;0;V;1.5;V;8.2;V;0;V;0;V;0;V;0;V;0;V;0;V;0;V;0.1;V;0.5;V;0.1;V;0.3;V;0;V;0;V;0;V;0;V;0;V;0;V;0;V;0;V;0;V;0;V;0;V;0;V
28;079;56;89;28079056_89_98;2023;02;0;V;0;V;0;V;0;V;0;V;0;V;0.8;V;0;V;0;V;0;V;0;V;0;V;0;V;0;V;0;V;0;V;0;V;0;V;0;V;0;V;0;V;0;V;0;V;0;V;0;V;0;V;0;V;0;V;0;N;0;N;0;N
28;079;56;89;28079056_89_98;2023;03;0;V;0;V;0;V;0;V;2.9;V;0.1;V;0.2;V;1.2;V;12.1;V;0;V;0.2;V;0;V;0;V;0;V;0;V;0;V;0;V;0;V;0;V;0;V;0;V;0;V;0;V;0;V;0;V;0;V;0;V;0;V;0;V;0;V;0;V
28;079;56;89;28079056_89_98;2023;04;0;V;0;V;0;V;0;V;0;V;0;V;0;V;0;V;0;V;0;V;0;V;0.5;V;0;V;0;V;0;V;0;V;0;V;0;V;0;V;0;V;0;V;7.2;V;0;V;0;V;0;V;0;V;0;V;0;V;0.2;V;0;V;0;N
28;079;58;83;28079058_83_98;2023;01;8.7;V;10;V;5.7;V;4.2;V;4.1;V;3;V;3.5;V;10.3;V;10;V;5.1;V;7;V;4.3;V;6.2;V;4.4;V;6.3;V;6.6;V;7.8;V;3.2;V;4.6;V;10;V;4.8;V;2.3;V;0.8;V;0.4;V;1.6;V;1.6;V;1.4;V;2.5;V;-0.2;V;0.4;V;1.1;V
28;079;58;83;28079058_83_98;2023;02;2.7;V;3.5;V;4;V;4.2;V;4.5;V;4;V;3.9;V;5.9;V;6;V;3.6;V;2.6;V;3.8;V;3.7;V;5.9;V;8.3;V;5.9;V;5.3;V;6.6;V;10.1;V;10;V;10;V;8.4;V;5.1;V;2.1;V;1.8;V;3.1;V;1.9;V;0.8;V;0;N;0;N;0;N
28;079;58;83;28079058_83_98;2023;03;-0.5;V;1.3;V;3.5;V;4.2;V;3.5;V;8.6;V;11.1;V;11.5;V;13.7;V;14.1;V;13.6;V;14.8;V;12.8;V;11;V;10.3;V;12.1;V;12.1;V;11;V;10.8;V;10.7;V;11.8;V;12.3;V;12.3;V;11.3;V;13.1;V;12.6;V;10.4;V;12.1;V;14.1;V;13.7;V;15.5;V
28;079;58;83;28079058_83_98;2023;04;13.6;V;10.8;V;9.9;V;12;V;10.9;V;13.2;V;14;V;15.1;V;15.9;V;17.2;V;17.5;V;14;V;11.3;V;14.2;V;16.4;V;17.4;V;15.6;V;14.9;V;15.4;V;17.1;V;16.6;V;15.7;V;15.7;V;18;V;19.3;V;19.4;V;20.5;V;21.7;V;20.4;V;18.8;V;0;N
28;079;58;86;28079058_86_98;2023;01;75;V;84;V;84;V;83;V;80;V;83;V;95;V;96;V;69;V;86;V;92;V;89;V;86;V;88;V;80;V;80;V;73;V;68;V;70;V;65;V;74;V;52;V;68;V;76;V;73;V;71;V;66;V;63;V;73;V;74;V;72;V
28;079;58;86;28079058_86_98;2023;02;71;V;72;V;67;V;66;V;61;V;64;V;72;V;71;V;71;V;72;V;72;V;74;V;76;V;76;V;69;V;67;V;63;V;62;V;67;V;65;V;64;V;71;V;75;V;67;V;74;V;68;V;48;V;57;V;0;N;0;N;0;N
28;079;58;86;28079058_86_98;2023;03;62;V;64;V;61;V;64;V;80;V;81;V;78;V;82;V;75;V;60;V;74;V;70;V;69;V;54;V;64;V;61;V;65;V;65;V;64;V;62;V;61;V;59;V;54;V;72;V;67;V;52;V;52;V;47;V;50;V;60;V;58;V
28;079;58;86;28079058_86_98;2023;04;52;V;46;V;48;V;37;V;32;V;39;V;37;V;42;V;45;V;40;V;44;V;52;V;42;V;52;V;47;V;41;V;37;V;39;V;49;V;46;V;47;V;61;V;54;V;53;V;51;V;47;V;42;V;45;V;46;V;51;V;0;N
28;079;59;81;28079059_81_98;2023;01;0.59;V;0.7;V;0.52;V;0.58;V;0.54;V;0.52;V;0.52;V;2.31;V;1.53;V;0.66;V;0.64;V;0.58;V;0.52;V;0.57;V;1.29;V;3;V;3.41;V;2.41;V;2.24;V;0.87;V;1.46;V;1.46;V;1.49;V;1.2;V;1.01;V;1.8;V;2.07;V;1.46;V;1.15;V;0.59;V;0.5;V
28;079;59;81;28079059_81_98;2023;02;0.72;V;0.61;V;0.6;V;0.53;V;0.76;V;1.49;V;0.83;V;1.34;V;0.59;V;0.58;V;1.12;V;0.79;N;0.8;V;0.87;V;0.63;V;0.76;V;0.71;V;0.77;V;0.77;V;0.92;V;0.76;V;0.68;V;1.96;V;0.8;V;0.81;V;1.62;V;2.72;V;1.55;V;0;N;0;N;0;N
28;079;59;81;28079059_81_98;2023;03;0.85;V;0.7;V;0.82;V;0.72;V;0.71;V;1.36;V;1.9;V;2.32;V;2.25;V;2.04;V;1.85;V;0.91;V;1.98;V;1.81;V;0.59;V;0.92;V;2.2;V;1.46;V;0.79;V;0.83;V;0.78;V;1.02;V;1.42;V;1.37;V;1.45;V;1.86;V;0.85;V;0.71;V;0.99;V;1.94;V;2.05;V
28;079;59;81;28079059_81_98;2023;04;2.52;V;1.58;V;0.78;V;1.77;V;0.88;V;0.65;V;0.89;V;0.8;V;0.92;V;0.94;V;1.2;V;1.89;V;1.49;V;2.39;V;1.54;V;1.46;V;1;V;1.08;V;0.82;V;1.09;V;1.48;V;1.69;V;1.16;V;1.07;V;0.93;V;1;V;0.85;V;0.98;V;0.98;V;1.1;V;0;N
28;079;59;82;28079059_82_98;2023;01;7;V;1;V;7;V;0;V;8;V;0;V;2;V;239;V;235;V;14;V;0;V;0;V;1;V;159;V;270;V;235;V;224;V;269;V;220;V;37;V;7;V;2;V;13;V;17;V;3;V;13;V;11;V;19;V;15;V;3;V;3;V
28;079;59;82;28079059_82_98;2023;02;15;V;2;V;0;V;1;V;0;V;12;V;34;V;2;V;7;V;12;V;12;V;13;N;9;V;8;V;11;V;11;V;2;V;17;V;9;V;3;V;5;V;3;V;195;V;179;V;4;V;23;V;1;V;20;V;0;N;0;N;0;N
28;079;59;82;28079059_82_98;2023;03;32;V;20;V;22;V;14;V;4;V;232;V;233;V;188;V;221;V;252;V;172;V;4;V;217;V;261;V;5;V;11;V;196;V;256;V;6;V;7;V;8;V;236;V;198;V;228;V;253;V;37;V;20;V;9;V;16;V;211;V;237;V
28;079;59;82;28079059_82_98;2023;04;273;V;11;V;25;V;28;V;0;V;2;V;3;V;4;V;8;V;199;V;4;V;262;V;262;V;274;V;17;V;19;V;2;V;22;V;27;V;3;V;253;V;238;V;2;V;183;V;163;V;0;V;184;V;9;V;247;V;42;V;0;N
28;079;59;83;28079059_83_98;2023;01;9.3;V;10.6;V;8.2;V;6;V;6.5;V;5.3;V;3.8;V;10.5;V;10.6;V;6;V;7.2;V;5.7;V;6.4;V;5.9;V;6.4;V;6.7;V;8;V;3.9;V;4.9;V;9.4;V;5.7;V;3;V;3;V;1.8;V;3.3;V;5;V;3.3;V;2.9;V;1.5;V;2.2;V;3.1;V
28;079;59;83;28079059_83_98;2023;02;5.1;V;5.9;V;6.8;V;8.2;V;9.1;V;5.8;V;4.1;V;5.6;V;6.2;V;4.6;V;3.7;V;6.8;N;4.9;V;5.6;V;8.2;V;7.5;V;7.8;V;7.6;V;11.4;V;12.5;V;11.5;V;10.4;V;6.7;V;4.3;V;3.3;V;4.1;V;2;V;1.9;V;0;N;0;N;0;N
28;079;59;83;28079059_83_98;2023;03;1.7;V;3.4;V;5.3;V;5.5;V;4.4;V;8.7;V;11.1;V;12.5;V;13.5;V;13.9;V;14.5;V;15.3;V;14.3;V;11.8;V;12;V;14;V;13.5;V;11.5;V;11.9;V;12.5;V;13.8;V;14.4;V;14.7;V;13.2;V;13.8;V;15;V;12.7;V;13.9;V;16.6;V;17.1;V;15.9;V
28;079;59;83;28079059_83_98;2023;04;13.7;V;11.3;V;11.4;V;12.9;V;12.4;V;14.8;V;15.3;V;17.3;V;18.3;V;19;V;18.5;V;15.8;V;11.4;V;13.9;V;15.9;V;16.5;V;16.2;V;15;V;16.5;V;18.6;V;18.6;V;16;V;16.6;V;18.9;V;20.9;V;21.2;V;22.3;V;23.2;V;21.9;V;18.9;V;0;N
28;079;59;86;28079059_86_98;2023;01;67;V;81;V;77;V;77;V;72;V;80;V;95;V;95;V;69;V;83;V;93;V;84;V;85;V;87;V;82;V;80;V;74;V;63;V;69;V;73;V;70;V;53;V;62;V;69;V;66;V;61;V;63;V;65;V;68;V;68;V;67;V
28;079;59;86;28079059_86_98;2023;02;64;V;63;V;57;V;49;V;40;V;57;V;73;V;73;V;72;V;67;V;69;V;66;N;75;V;77;V;69;V;61;V;54;V;53;V;59;V;55;V;56;V;67;V;70;V;63;V;68;V;66;V;49;V;58;V;0;N;0;N;0;N
28;079;59;86;28079059_86_98;2023;03;55;V;58;V;59;V;62;V;75;V;80;V;78;V;80;V;77;V;64;V;74;V;71;V;69;V;53;V;57;V;55;V;58;V;65;V;60;V;54;V;52;V;52;V;50;V;68;V;67;V;50;V;46;V;39;V;43;V;51;V;59;V
28;079;59;86;28079059_86_98;2023;04;55;V;47;V;44;V;35;V;29;V;31;V;35;V;36;V;40;V;40;V;44;V;51;V;47;V;55;V;52;V;47;V;35;V;42;V;50;V;43;V;45;V;60;V;53;V;53;V;48;V;44;V;40;V;41;V;47;V;54;V;0;N
28;079;59;87;28079059_87_98;2023;01;945;V;945;V;951;V;954;V;950;V;947;V;944;V;937;V;944;V;950;V;949;V;950;V;949;V;948;V;944;V;935;V;924;V;931;V;939;V;939;V;942;V;945;V;943;V;944;V;946;V;940;V;938;V;940;V;944;V;949;V;949;V
28;079;59;87;28079059_87_98;2023;02;948;V;950;V;952;V;951;V;951;V;945;V;942;V;945;V;950;V;955;V;953;V;951;N;953;V;950;V;948;V;949;V;951;V;950;V;947;V;944;V;941;V;938;V;931;V;931;V;928;V;929;V;935;V;940;V;0;N;0;N;0;N
28;079;59;87;28079059_87_98;2023;03;938;V;939;V;940;V;941;V;938;V;934;V;933;V;935;V;936;V;942;V;943;V;943;V;938;V;942;V;940;V;935;V;935;V;938;V;942;V;943;V;939;V;938;V;937;V;940;V;943;V;942;V;944;V;945;V;944;V;944;V;943;V
28;079;59;87;28079059_87_98;2023;04;942;V;944;V;940;V;936;V;939;V;939;V;938;V;938;V;941;V;943;V;942;V;937;V;939;V;939;V;941;V;941;V;937;V;934;V;934;V;932;V;929;V;933;V;937;V;939;V;938;V;937;V;937;V;937;V;938;V;940;V;0;N
28;079;59;88;28079059_88_98;2023;01;85;V;53;V;97;V;103;V;103;V;103;V;22;V;36;V;104;V;109;V;27;V;105;V;100;V;107;V;76;V;46;V;107;V;92;V;103;V;100;V;125;V;131;V;128;V;83;V;130;V;122;V;124;V;134;V;138;V;137;V;137;V
28;079;59;88;28079059_88_98;2023;02;142;V;139;V;147;V;154;V;-2;N;153;V;88;V;92;V;103;V;123;V;162;V;182;N;160;V;99;V;144;V;169;V;173;V;97;V;138;V;129;V;132;V;-2;N;82;V;190;V;150;V;178;V;175;V;201;V;0;N;0;N;0;N
28;079;59;88;28079059_88_98;2023;03;148;V;201;V;200;V;207;V;67;V;146;V;181;V;118;V;155;V;205;V;198;V;209;V;224;V;219;V;228;V;207;V;214;V;162;V;246;V;227;V;235;V;245;V;238;V;171;V;222;V;269;V;259;V;251;V;254;V;230;V;216;V
28;079;59;88;28079059_88_98;2023;04;228;V;278;V;222;V;292;V;285;V;279;V;280;V;279;V;257;V;251;V;282;V;213;V;288;V;181;V;287;V;305;V;309;V;310;V;293;V;299;V;267;V;285;V;309;V;296;V;302;V;313;V;286;V;232;V;166;V;260;V;0;N
28;079;59;89;28079059_89_98;2023;01;0;V;0;V;0;V;0;V;0;V;0;V;1.8;V;7.3;V;0;V;0;V;0;V;0.2;V;0;V;0;V;0;V;0;V;0.4;V;0;V;0.1;V;0;V;0.1;V;0;V;0;V;0;V;0;V;0;V;0;V;0;V;0;V;0;V;0;V
28;079;59;89;28079059_89_98;2023;02;0;V;0;V;0;V;0;V;0;V;0;V;2.9;V;0;V;0;V;0;V;0;V;0;N;0;V;0;V;0;V;0;V;0;V;0;V;0;V;0;V;0;V;0;V;0;V;0;V;0.1;V;0;V;0;V;0;V;0;N;0;N;0;N
28;079;59;89;28079059_89_98;2023;03;0;V;0;V;0;V;0;V;1.8;V;0.1;V;0.4;V;1.5;V;12.2;V;0;V;0;V;0;V;0;V;0;V;0;V;0;V;0;V;0;V;0;V;0;V;0;V;0;V;0;V;0;V;0;V;0;V;0;V;0;V;0;V;0;V;0;V
28;079;59;89;28079059_89_98;2023;04;0;V;0;V;0;V;0;V;0;V;0;V;0;V;0;V;0;V;0;V;0;V;0;V;0;V;0;V;0;V;0;V;0;V;0;V;0;V;0;V;0;V;6.3;V;0;V;0;V;0;V;0;V;0;V;0;V;0.5;V;0;V;0;N
